USER,DATE,STAR,LIKE,TITLE,REVIEW
헤라씨네,2022-08-09 06:32:37-07:00,1,0,모바일 앱 바뀌고 너무 불편해요,"다른 증권사 대비 사용하기 엄청 편하고,
좋았는데…
멀쩡하게 잘 쓰고 있는데 왜 바꿔서 불편하게
하는지 모르겠네요ㅜㅜ
그 전으로 다시 바꿔주세요~~"
jjjjaateee,2022-08-09 06:29:03-07:00,3,0,오류가 너무많아요,"관심종목상에서 등락률도 안나옵니다
오늘나온 업데이트도 다해봤는데
아직도 오류가 생김
매매하기 너무 힘드네요"
자두맛엉덩이,2022-08-09 03:33:57-07:00,1,0,문의를 여러번 남겼는데 답이 없네요,"갤탭 사용시 오른쪽에 피드 어떻게 없에나요? 

창이 작아져서 너무 불편해요"
팡팡팡,2022-08-07 21:37:35-07:00,1,0,보기쉬웠던걸 꼬아놨네.,"무슨 프로그래머가 사용하는 것처럼 엄청 꼬아놨네. 사용자 늘었으니, 사용하지 말라는건가?? 
기존 메뉴나 찾기 쉽게 만들어 놓던가.. 메뉴는 거래하지 말라는거 마냥 죄다 숨겨놓고, 다 아는 종목이름은 왕크게, 차트는 축약으로 숨겨놓고. 
어차피 공매도로 돈버니, 개미들은 탈퇴하라는건가?? 어플은 개미 모르려고 만든거 아닌가?? 업데이트 목적이 사용하기 어렵게 만들어서 사용자 줄이는 목적인가??"
daveane,2022-08-07 20:38:47-07:00,1,0,공인인증서 변경이 안되서 로그인이 안되네요,자동 업데이트 이후에 다른 공인인증서로 로그인하려고 선택하면 그 상태에서 더 이상 진행이 안되서 로그인 자체가 안되네요 확인도 거래도 안됩니다 수정이 시급합니다
메리메리벨,2022-08-07 17:20:23-07:00,1,0,개느리네,"안 깔끔해도 되니 속도나 개선 하시죠
개발하는 분들이 뭐가 중요 한질 모르네…
아무리 ui가 깔끔해도 주식은 속도가 생명인데
로딩 개 느리고 …."
다투니,2022-08-07 03:59:47-07:00,1,0,진심 이거 기획한 임직원 권고사직시키세요,아니 어떻게 이딴 걸 만들 수 있나요? 시켜서 만든 분 말고 이따위 기획을 한 책임자와 이거 인터페이스 기획한 사람 짜르세요. 진심 이딴 식으로 퇴보하는 경우가 어디있나요?
shl7020,2022-08-06 05:35:47-07:00,1,0,홈 화면 편집 가능하게 해주세요!!!,"왜 바꾸신거에요? 짜증나네요 홈화면에서 코스피, 코스닥 지수 보기와 함께 환율도 볼 수 있게 해주세요. 환율 보려면 맨 밑까지 내려야 합니다. 싱위 1프로 매수매도 관심없어요. 그딴거를 저 밑에 위치하도록 해야지… 지수흐름과 더불어서 중요한게 환율인데… 환율은 저 밑에 쳐박아놓고… 상위 1프로 매수매도, 토론된 테마, 실시간 종목… 이런것들은 선택사항으로 맨밑에 배치를 하세요!!! 고수들 따라서 단타해서 수수료 꼬박꼬박 내고… 그러다가 슬슬 계좌 녹아나게 하는게 목적입니까? 지수흐름과 더불어서 중요한 환율을 저 밑에 쳐박고… 이상한것들만 홈 화면에 왜 집중 배치한거에요?????? 홈화면 편집가능하게 하시던지… 이전 앱으로 돌리시던가… 날씨 더운데… 짜증이 확~~,"
NightGangbuster,2022-08-06 02:14:19-07:00,3,0,해외종목 가져오기,해외주식 가져오기 관련 제안 합니다. 해외주식 가져오기 한 걸 국내 주식 항목끝으로 붙여서 가져오게 되면 그 많은 항목들을 스윕해서 봐야하는데 언제 그걸 국내부터 스윕해서 해외 종목까지 갑니까…. 답답…. 보유종목 기준으로 해외종목과 국내종목을 2열로 만들어서 왼쪽 모퉁이 3선 클릭하면 국내 국외 전체로 바뀌듯이 그것에 맞춰서 국내시에는 국내 종목열이 나오고 해외시에는 해외종목열만 나열되게 해줘야죠…….. 국내 해외 종목을 모두 1열로 나열 하다니..!! 진심… 통합앱을 쓸 필요가 있나. 이러면 더 불편한데.// 그리고 종토방 글 읽고 나오면 글 항목 맨 위로 올라가는 현상 수정 좀 해줘요!!! 글 읽고 나올 때 마다 매번 맨 위 항목으로 올라가버리니 반복해서 드레그해서 밑으로 한참 내려가면서 읽는 불편함 있음. 나중에는 드래그 내리기 짜증나서 종토방 들어가지 않음. 일부러 그러는 거임? 사용성 불편하게 만들어서 안 쓰게 만드려는 건가.
black 기사,2022-08-04 21:29:58-07:00,1,0,쓰레기 앱이네요,"편리하자고 업그레이드한게 아님. 무슨 의도로 이런걸로 바꿨는지…

전과 비교해 너무 불편하고 부실하다."
qhdaka,2022-08-04 21:29:30-07:00,1,0,업데이트가 이게 뭡니까ㅠㅠ,"보기 넘 불편하고
조잡해요
예전버젼으로 돌려줘요…"
칸쵸의세가지,2022-08-04 19:39:28-07:00,1,0,업데이트 후 마이자산 창,"아래로 올리는 스크롤시 스크롤이 안올라가고 
내리는거 하면 새로고침만 되고 
너무불편합니다 
어플 사용하다가 불편해서 후기남겨보는건 또 처음이네요"
보로봉봉동해,2022-08-04 18:44:29-07:00,1,0,바뀌고 공인인증서 선택이 왜이래 안되는지,공인인증서가 몇개 깔려 있어서 로그인 할때 젤 마지막 공인인증서 누르고 선택완료 눌러도 바뀌질 않네요. 이전까지는 그런적이 없는데 업데이트 되고 안되요
서울서울2121,2022-08-04 18:26:40-07:00,2,0,실시간 업데이트 안되요,뭐 업뎁하고   조작하기 더 어려워자고  실시간 업데이트 안되요
돌아에코코몽15,2022-08-04 16:36:21-07:00,2,0,메모장 붙여넣기 기능 추가해주세요~,정말 간단한건데 불편하기 그지 없네요
Anakin Park,2022-08-04 10:01:09-07:00,2,0,전반적으로 퇴보한 레이아웃,"관심종목을 제일 많이 들어가는데…

이전의 어플에서 한눈에 보이던 수많은 자료가 

이젠 눌러서 손가락을 움직여야 보게되는 불편함.

왜 이런 불편함을 감수하게 만들었는지 

상식적으로 납득이 가지 않습니다.

세련되고 예쁘게 보이려고 너무 많은 공간을

허비해버립니다. 

종합잔고, 주식잔고 메뉴도…

할말이 없을정도로 공간을 낭비합니다.

제발 부탁인데 해외주식어플 그냥 살려두시면 안될까요… 제발 간곡히 부탁드립니다 ㅠㅠㅠㅠ 제발요 ㅠㅠ"
withyourqwer,2022-08-04 09:34:54-07:00,1,0,모른척할테니 예전으로 원복해주세요...,어려워서 못하겠어요.. 국내증권사 중 어플 제일 편하고 한눈에 보기쉽게 되있어서 잘 사용했는데..하루 아침에 주식 어플 난민이 되었어요.. mts가 이렇게 될 줄이야..
이해림,2022-08-04 07:32:52-07:00,1,0,매수 정정 개느려요,"아니 정정 누르는데 
숫자키 나오는데 한참 걸려서 개느려터졌어요

매매일지 말한거 아니고 
매도하면 잔고가 그대로 있다고요 
계속 새로고침해줘야 그제서야 바뀜 ㅡㅡ

이제 다른 증권사로 갈려구요
업데이트 안했으면 고객들
잃을일 없었을텐데"
Chiaky128,2022-08-04 04:13:57-07:00,3,0,종목 차트설정 하나만 해두면 전부 적용됐었는데 안됨,그리고 지금 너무 많이 튕김 빨리빨리 해결좀 부탁 진짜 짜증나서 못쓰겠음
외노9,2022-08-04 03:30:52-07:00,1,0,기존ui대로 보고싶어요,업데이트하고 너무 불편합니다
누가이원진쓰고있음?,2022-08-04 03:13:59-07:00,1,0,인증번호가 안오는 경험은 처음임,"햔드폰 린중번호가 안옴 
이게 실화임?"
이거는 ㄴㅇㅇ,2022-08-03 21:18:31-07:00,1,0,제발 원래대로 돌려주세요 제발,"사용자 편의성 측면에서 너무 불필요한 액션이 늘어났습니다. 가독성 떨어지는건 둘째치고 주식주문 차트 종목이동 등등 직관성 떨어지고 불필요한 터치가 늘었습니다
기본적으로 종목에서 차트보고 다시 관심종목으로 돌아가서 다른종목 차트보는게 이렇게 불편해야하나요?
심지어 한손으로 터치도 안되는 왼쪽상단 X 표시를 눌러서 현재종목탭을 꺼야하는건 최악입니다
어디 족보도 없는 코인거래소 어플따위를 쓰고있는기분입니다. 증권사 어플이 멀쩡히 잘있다가 왜 허접한 코인거래소 어플을 벤치마킹해서 자폭을 하는지 이해가 안됩니다. 심각하게 구형버전으로 롤백 고려해주세요"
웅이이ㅑ야,2022-08-02 21:59:28-07:00,5,0,통합 호불호 갈리는 것 같은데 저는 극호입니다.,보기도 편해진거 같고 재미 요소가 많아졌어요! 통합 유지해주시길 바랍니다!
해파랑,2022-08-02 20:19:23-07:00,1,0,너무 별로다 이전 버전으로 되돌리고 싶다,글씨 잘 안보이고 혼란스러움 폰트크기 문제가 아니라 메뉴 배치가 너무 혼란스러워서 숫자나 글씨가 한눈에 안들온다 특히 잔고볼때... 연금 ETF매매할때 왜 한번에 안되고 왔다갔다 하게 만든거냐 그리고 수익률 보기하면 예전 버전에는 일별로 수익금이랑 잔고 쫙 보여줘서 편했는데 왜 없어버린건지? 수익률 보기할때 보유계좌 통합해서 보여주지 마라 혼란스럽다 한번 설정하면 그대로 있어야지 매번 볼때마다 계좌한개씩 따로 설정해서 보는게 나무 불편하다 전반적으로 뭔가 바꿔보려는 시도는 좋타만 개선을 해야지 개악을 하면 어쩌지는건지... 예전 버전으로 되돌리고 싶다 MTS때문에 증권사 이동 진지하게 고민중!!
아뮤토얻,2022-08-02 08:54:56-07:00,1,0,여러분 차트도 오류입니다.,"이거 진짜 심각합니다.. 차트 오류..
날짜별 시세 종가랑 차트 분봉 정보랑 달라요 ㅋㅋㅋ

와.. 업데이트하고 보는것도 불편해졌는데
차트오류까지 

저는 일단 투자 멈추고 정리될때까지만 하고
다른 증권사로 넘어가렵니다.

+ 그리고 자꾸 리뷰왜 지워지나요?"
쪼오리,2022-08-02 07:40:31-07:00,1,0,"와,,,그지도 이런 그지같은 앱이,,","영웅@,한투,국민,삼성 등등,,
수여러개중 가장 가독성좋코 편리해서 아주~잘 쓰고 있었는데,,,
업데이트하고 날벼락,,,주식은 시간싸움인데 알고도코베이고 빠르게 주식 팔지도 사지도 못하게 해놨네,,ㅉㅉㅉㅉㅉ
누가 이따위 앱을 승인했을꼬-
모가지 내놓고 책임져라

내돈 5천만원 빼서 딴데로 갈란다,미래에셋 빠이염"
Charles1229,2022-08-01 18:17:41-07:00,5,0,아이패드용 제작도 부탁드려요~,폰에서 잘쓰고 있어요! 아이패드용도 제작 부탁드릴께요.
Kate 00,2022-08-01 17:02:50-07:00,1,0,개편 전으로,"개편 목적이 떠나라 다른앱을 이용해라라고 말하고 있는거 같습니다. 
기존 사용성은 다 무시하고 전형적인 공급자 마인드
왜 필요한건지도 모르는 항목들 줄세워서
정작 매수매도에 필요한 정도는 눈에 너무도 안들어옵니다

미래에셋을 쓴 게
그나마 편리하고 심플한 Ui여서 수수료 유혹에도 타앱으로 안넘어갔는데. 정말 안타까운 개편이네요."
안젤리나77,2022-08-01 16:57:52-07:00,1,0,이전처럼 애플워치 연동되나요?,연동되나요??
굳**,2022-08-01 14:51:29-07:00,1,0,다운그레이,"아...진짜 살면서 어플리뷰 첨 남겨봐요
더 좋으라고하는게 업데이트 같은데 심히 별루예요 
가독성 진짜 최악입니다 
여타 앱에 비해거래량, 등락금액을 한눈에 들어와 선택했는데 젤 사용하고 싶지않은.앱이되었네요"
거북이냐?,2022-07-31 21:30:20-07:00,1,0,통장 이체시 클립보드 읽기 기능 복원 요청,"계좌번호, 금액 카톡 메세지로 받은 거 클립보드에 복사해두고 미래애셋 앱에서 이체 메뉴로 이동하면 자동으로 계좌번호, 금액 입력되는 기능 정말 편리했는데요…
이번에 앱 업데이트 되면서 쓸데 없이 화면을 쪼개서 화면 갯수 늘리고, 계좌번호, 금액 자동입력도 안되네요. 도대체 왜 좋은 기능을 일부러 망가트리는지 앱을 써보기는 하고 UX 고치신 건지 이해가 안 되네요ㅋ. 한달에 수십번씩 이체 기능 쓰는데 혹시 계좌번호, 금액 틀리지는 않았는지 카톡 왔다갔다하며 쓰는데 심각하게 불편합니다. 실수해서 잘못이체할까 불안하기도 하고요. 주거래를 다른 은행으로 옮길지 고민 중입니다.
이체 화면 빨리 고치시고.
이번에 갈아엎은 UX 전체 재검토 하시고.
디자인 외주사, 담당자 반성 좀 하세요."
럴러러,2022-07-31 20:16:50-07:00,1,0,역대급입니다,그전에 깔끔한 mts어디로 사라졋나요.. 이거 부서에서 평가하고 내보낸앱맞나요? 단언하건대 이거 빨리 수정안하면 고객 다 나갑니다..
Jjgogo,2022-07-31 19:38:24-07:00,1,0,제발 업데이트 적당히 하시길,"왜자꾸 바꿈

기존에 적응해서 잘하고 있는데 바껴서 피해보게 함??

미래 증권 졸라 짜증나서 다른데로 갈아 탈려고 함"
바부악덕,2022-07-31 18:18:32-07:00,1,0,프로그램 매매창이 없어짐,"너무 불편함;;
왜 없앤건비 궁금합니다
이전버전으로 돌리는 방법 없는지요??"
S소,2022-07-30 22:41:32-07:00,1,0,다른 공인인증서 선택이 되지 않네요,"아이폰 업뎃 후에 너무 실망스러워요. 
로그인 시 다른인증서 불러오기 - 인증서 선택 후 선택완료버튼이 활성화 되는데, 그 버튼을 아무리 눌러도 아무런 반응이 없어서 로그인을 못하네요."
대길파파,2022-07-30 17:17:43-07:00,5,0,업데이트,이번업데이트는 컴퓨터가 필요없이 스마트폰만으로 모든걸할수있어 좋습니다.  특히 여러보조차트 저장기능이 있어 참 좋은기능입니다.  기술적분석으로는 최고의 어플인거같습니다.
Gg욧,2022-07-29 19:28:14-07:00,1,0,After update,"이전 version과 비교해서 개선은 커녕 오히려 후퇴함;
조잡하고 불편하고, 게다가 안정화도 안되서 버벅임;;
예전으로 돌아가든지, 대규모 renewal 계획이 없다면 다른 증권사 또는 증권거래 앱으로 갈아타겠음.."
글러리,2022-07-29 06:49:27-07:00,2,0,개발자님,"업데이트후에 계속 접속 오류가 나서 제대로 접속 한번을 못했습니다.
아이폰13pro구요.
데이터가 연락되지 않는다는 문구만 계속되네요.
지웠다 깔기만 몇번을 하고, 폰 재부팅조 두번이나 했는데 왜 그럴까요?
답답하네요."
애요오옹,2022-07-29 05:28:33-07:00,5,0,통합앱 업데이트되었네요,마이데이터도 연결이 된거 같고 자산 조회 잘 됩니다 그리고 보유종목 관심종목 바로 볼수 있어서 이 점 좋아진것 같습니다
박현욱맞나아이가,2022-07-29 04:34:28-07:00,1,0,업데이트를 대체 왜 한거에요?,"아이폰 어플 업데이트 후 보기가 굉장이 껄끄럽습니다. 눈에 안들어와요 
다른 증권사보다 mts 보기편하고 단순해서 조작도 쉽고 만족도가 높아 주력으로 사용해왔는데
아직 익숙하지않아서 그런지는 몰라도 
업그레이드된 후 원하는 정보가 눈에 잘 안들어와요 
너무 광범위한 데이터를 한군데 다 넣으려다보니 오히려 조잡한거같아요"
완전죠음!!!!!,2022-07-28 23:34:16-07:00,1,0,리뷰 안남기는데 너무 구림,"리뷰 안남기는데 너무 구려서 남겨요
갑자기 자동 업데이트 되서 화딱지 나네요
너무 구려요. 잔고는 바로바로 업데이트도 안되네요 
도대체 왜 바꾼건가요
이전 UI가 편해서 계속 썼었는데 다른데로 넘어가야겠네요"
홀리돌리,2022-07-28 21:24:59-07:00,1,0,업뎃 후 사용 진심 오지게 불편..,"업뎃 후 기본적으로 종목의 시총 정보 보는거도 너무 불편.
기본종목정보 조회시 시총이 바로 보여야 되는거 아닌가요?

차트도 확대 축소 하다보면 그래프 다 깨지고,
예수금이 얼마 있는지 보려면 종목 잔고 들어가서 체크 후 다시 종목 사러 가야되고…

유아이만 이쁜듯 하게 만들면 뭐합니까 사용자 경험은 아무것도 고려하지 않고 만든거 같은데.."
오디쥬스,2022-07-28 19:39:04-07:00,1,0,이런건 벌을 줘야합니다 !!,나만사람이 쓰기에는 겁나 찾으로 가다 시간 다보냄!
돌려놔!!!!,2022-07-28 18:22:43-07:00,1,0,옛날 버전이 더 낫네요,"이전 버전에서는 한 화면에 많은 정보를 볼수 있었는데 바뀌면서 제시되는 정보가 넘 적네요 시총, 미결제약정 등 다 따로 찾아서 봐야되네요"
이 정명,2022-07-28 16:21:57-07:00,2,0,Script event error 783 해결해주세요,잔고를 못봐요
qefhjnbf,2022-07-28 10:15:15-07:00,1,0,개선은 언제하나요,"다른건 몰라도 세가지는 개선좀 꼭 해주세요
신규앱은 업데이트가 아니라 다운그레이드 입니다

1 하단메뉴 고정 - 기본중의 기본인데 이게 안된다뇨?

2 홈화면 편집 - 홈화면은 제발 예전버전으로 좀 돌려주세요 홈에서 최근 조회종목과 그외 필요한것들 취향에 맞게 편집해서 한눈에 다 확인을 하였는데 이걸 다 없애고 좋은기능도 다 없애고 보기도 불편하게 만든 이유가 뭔가요?

3 관심종목 화면 - 관심종목에서 화면모드 선택하면 당일 차트와 매수매도1호가 시총 정보가 다 있었는데 업데이트라더니 이런 편의기능은 다 빠졋네요"
복바니,2022-07-27 20:54:55-07:00,1,0,처음 로그인화면에서 인증서 선택시 문제,"처음 로그인 할때 공동인증서 선택화면에서
인증서 내꺼말고 가족꺼 선택하려는데 인증서가
선택이 안되는데 이더는 왜 그럴까요?"
검증강화 요청,2022-07-27 17:25:17-07:00,1,0,무슨 생각인가요?,"어플 여러개를 하나로 합쳐서 이용도 관리도 편하게 하자는 생각이었는지는 모르겠지만 어플 실행속도, 처리속도, 반응속도, 안정성 이건 어떡할 건가요? 개선 없으면 증권사 바꿀수 밖에요. 그걸 원하시는거죠?"
믿음의QQQ,2022-07-27 17:19:09-07:00,3,0,내 주식 보는데 더 불편해짐,"1.
my 자산에서 내 주식들 누르면 간략하게 가격 변동 버펜트랑 변동 정도를 볼 수 있었는데 이번에 앱 새로 개편되고 나서 그냥 주식 이름만 뜨고 변동폭을 못봄. 그래서 차트로 들어가서 봐야함 매우 불편함. 개선바람 짜증남

2.
종합차트에서 평단가랑 매수 매도 보여주는 것은 좋은 데, 왜 종합차트에서 따로 검색해야하는거임. 
내 자산목록에서 주식 클릭해서 차트보기하면 보여주는 차트에서도 평단가랑 매수매도 보여주던가, 아니면 거기서 바로 종합차트로 넘어가게하던가 해주셈

아니 이거 제작자가 이 어플 써보면 아는 불편한 점 아닌가? 자기가 만들고 안써보는 거임??"
후닭후닭,2022-07-27 16:38:05-07:00,1,0,동일 보조지표 여러개 설정,예전에는 동일한 보조지표를 여러개 설정 할수 있었는데 왜 바뀐거죠??스토캐스틱 슬로우 여러개 살정하게 해주세요ㅠ그것 때문에 여기 이용했는데…빼야하나 싶어요…
블루 88,2022-07-27 01:25:17-07:00,1,0,애플워치 사라짐,"속도는 조금 빠른것 같은데.......
애플워치에서 사라짐.....차별?"
hhahhahhohho,2022-07-26 21:05:11-07:00,5,0,깔끔한 ui,"깔끔한 ui 좋습니다
더욱 편리해지기를 기대합니다"
rocker정호,2022-07-26 21:04:17-07:00,1,0,업뎃이후로 아래단축메뉴들이 현재가를 누르면,"화면을 덮어 단축기능활용이 불편하네요 그전 인터페이스에 너무 못미치는거같아서 답답하네요 손쉬운기능이 아니고 더욱 손이 많이 가는기능입니다
예전 어플 살려놓으면 안되나요???
클래식모드로라도 살려줘요!!!!"
마루밑,2022-07-26 20:55:35-07:00,1,0,아이패드용,"환전이 원화기준으로 계산되던 기능이 사라져서 불편하고, 아직도 아이패드용 서비스 안하는 마인드가 놀라움"
노노너니,2022-07-26 20:32:34-07:00,1,0,업데이트하고 망함,"친구들 업데이트하고 타사로 갈아탄다고 난리임 
난 업데이트 안하고 버티고 있는데 글쎄.
그전에 잔고 다 정리하고 키움으로 넘어가야겠다…
디자인 바꾼건 둘째치고 인터페이스 다 바꾼건실수인듯"
jw--,2022-07-26 19:01:18-07:00,1,0,불편함,주식하기 싫어요 업체을 바꾸고 싶어요 관심종목에서 주식을 누르면 오른쪽에서 화면이 계속나오는데 끄는 옵션도 없어요
엠올,2022-07-26 18:21:18-07:00,5,0,통합해서 편해요,"예전에는 국내주식, 해외주식 별도로 앱을 설치했는데 통합하니까 편하네요."
진봉78,2022-07-26 18:18:43-07:00,5,0,통합되어서 편해졌습니다,"일부 화면이 다른앱으로 가지만 국내주식 해외주식 펀드를 원앱에서 할수 있어서 좋네요
화면간 연결도 흐름상 잘 연결되어서 좋습니다
특히 다크모드 설정으로 하니 밤에 눈 안아퍼서 좋네요"
난한놈만팬다,2022-07-26 18:17:28-07:00,5,0,보기 좋아요,업데이트 휴 후 깔금해 진거 같아 좋습니다
매더니오,2022-07-26 17:28:24-07:00,1,0,최악의 업데이트,"예수금 좀 보이게 해줘요
이전 버전은 매수때 예수금 보고 매수 했는데….
사용자의 패턴은 분석하고 업데이트 한건지 
기획자는 생각이 없는건지…. 최악의 업데이트 
롤백하세요 
전 버전이 훨씬 편하네요 
사용자가 익숙해질수 있는 업데이트야야지…
이거는 다른 증권사로 갈아타게 만들고 싶어지는 
업데이트….."
별용,2022-07-26 06:52:11-07:00,1,0,예약 매수매도 내역 목록 좀 고쳐주세요.,"22년7월. 최악의 업뎃입니다. 이것저것 유명 증권사 어플들 다 써보고 미래에셋증권을 메인 증권계좌로 사용하는 이유가 가장 깔끔하고 편리해서 였는데 생산성과 실용성 완전히 무시하고 개발업체인지 디자인팀인지 과제따서 성과만들고 돈벌려고 주변 조언 무시하고 독단적으로 추진한 업데이트네요. 

 주식하는 스타일도 다양하고 초보부터 고수까지 피탠도 다양하다지만 기본이란게 있는건데 초보 장기투자자만 불만 없이 쓸 것 같아요. 

작은 회면을 효율적으로 어떻게 쓸지, 종목을 볼때 무엇부터 보는지, 수많은 사람들이 무엇을 기준으로 판단하고 거래하는지, 기본 사고 과정부터 주식잔고의 현재가 대비&등락률 보는 것, 동선을 어떻게 해야 불필요한 반복작업을 줄이고 기능간 연결이 쉽고 다시 쉽게 원래화면으로 돌아올 수 있는지, 어떻게 더 직관적이고 빠르고 적은 터치 단계로 과업을 수행할지 등등 시스템의 기본과 본질도 갖추지 못한 앱으로 고객들의 소중한 자산 거래를 책임지겠습니까? 

여기저기 있어보이는 증권사들 화면구성과 콘텐츠들 따라 보여주고 싶은거 내놓고. 쓸데 없는 시각효과들 드러내느라 정작 mts의 본질은 안드로메다로…

 주제넘게 조언하자면, 적응의 문제가 아니고 사용성 기본도 안된 것이 이전보다 혁혁하게 좋아질 건 바라기 어려운 것 같고, 이전수준에 맞춰 놓든지 원복이라도 하십시오. 계좌 싹 다 빼서 다른 증권사 옮기는 상황이 되면 개발비 몇억이 문제가 아닙니다."
하트엔젤,2022-07-26 04:07:44-07:00,1,0,차트 확대 후 가로모드 안됨,ㅇㅇ
원복요망,2022-07-26 02:31:15-07:00,1,0,이전버전,"이전버전 사용할려면 어케해야하나요??
사용자 동의없이 아웃풋 이렇게 변경해도 되나요?
이런 아웃풋 사용하고 싶었으면 진작에 딴데로 갔죠
딴데랑 비슷하게 해놓고 업데이트라고 하시면 .."
dosik119,2022-07-26 00:36:26-07:00,5,0,종목 알리미 설정해도 안와요,종목 알리미에 설정 다 해놨는데 알림이 하나도 안오는데 빨리 수정 좀 해주세요~
다신안써18,2022-07-25 19:47:54-07:00,1,0,미래에셋 이번에 새로바뀐 mts 중학생이 만듦?,"중학생이 만들어도 이거보단 잘만들겠다 어떻게된게 바꿨는데 기능이 더없어지고 더 퇴화할수가있냐??
기존에 쓰던게 편해서 그냥 썼는데 이렇게 달라졌는데도 더 후져지면 그냥 다른 증권쓰지ㅋㅋㅋ"
끼미네,2022-07-25 18:14:56-07:00,1,0,이번 업데이트??,"업데이트하라고 해서 했는데
통합하는건 좋아요. 그런데 가독성이 너무 떨어집니다. 
폰트부터 시작해서 매우 지저분하네요. 
못쓰겠다. 개선 안되면 다른 회사로 갈아 타야겠네요."
꼬쁘닝,2022-07-25 17:06:47-07:00,1,0,별 하나도 아까움,"최악
일주일 썼지만 적응안됨
언제 원래대로 돌려줄거에요 ??"
환불지발여,2022-07-25 16:59:17-07:00,1,0,바뀐거 진짜 보기어려워졌네 돈이 걸려있는건데,다른데갑니다
마음또한부자,2022-07-25 05:00:43-07:00,1,0,예수금을 보이게 해주세요,"예수금을 보이게 해주세요
예전에는 바로 보였는데 왜 이렇게 업데이트를 해서는 예수금을 어디에서도 안보이게 했는지.
정말 정말 답답합니다.
앱을 사용하는 사람이 만들어야지원.
주식잔고든 계좌별 종합잔고든
두개중에 어디라도 예수금을 보이게 해주세요.
제발 부탁드립니다."
tlsfnieneh,2022-07-25 04:46:12-07:00,1,0,"간편인증, 모바일otp발급 다 안됩니다.",2단계 계좌인증후 3단계로 안넘어갑니다. 앱을 지웠다 다시 깔아도 마찬가지 입니다.
울트라짱이다,2022-07-25 03:28:08-07:00,1,0,너무 불편해요..,타증권사 어플보다 눈에도 잘들어오고 사용하기 편해서 이용한건데.. 이제는 어플중에 제일 불편하고 촌스러운거 같아요..
별다방11,2022-07-24 22:55:28-07:00,1,0,업데이트되고,"하 너무 불편해요 오히려 그전 버전이 더 편합니다
보유현금 한번에 볼 수 있게 해주세요 얼마가 남았고 쓸수 있는지 알 수가 없음"
크리스앤,2022-07-24 22:54:18-07:00,1,0,최악임,"지난주 지나면서 이번 주 오늘 들어가보니전혀 다른…진짜 진심 다른 증권사로 변경하고 싶다
이따위 만들어서…"
dnjeijf,2022-07-24 19:57:39-07:00,1,1,아니 이걸 지금 업데이트라고 한거임?,"기존에 쓰던 방식이 더 간단하고 편하다 지금은 복잡하기만 하고 불편하다 앱 상에서 대부분 사람들이 다른 증권사로 옮기겠다는 의견이 대부분인 상황, 차라리 기존 쓰던 방식에서 속도만 개선하는게 더 좋은 방안이라고 본다 곧 적응한다고 생각하면 착각이다 적응하는것보다 더 편한 증권사로 이동하는 것을 택하는 사람들이 대부분이다 지금 앱상에 사람들 말하는거 봐라 진짜 다시 백업 해라"
ㅡ0ㅡ;;,2022-07-24 19:00:35-07:00,1,0,초보같은...리뉴얼,"리뉴얼이라 부르기엔 구식 디자인으로 돌아갔고

사용패턴이라는게 있는데 이걸 다 무시해버리니..."
So fun니,2022-07-24 18:54:56-07:00,1,1,업데이트 최악,"디자인만 깔끔해졌고, 실용적이지 못한 최악의 업데이트 …"
VABENE052,2022-07-24 18:44:09-07:00,1,1,제발 되돌려주세요,"업뎃이후 한눈에 잘 들어오지도 않고 너무 불편합니다 그나마 어플이 편해서 사용한건데..
이럴 거면 그냥 타증권 이용하는게 낫습니다
그냥 저도 갈아타야할 것 같네요 
아이폰 너무너무너뮤너뮤너무 불편합니다"
미래에셋 10년 고객인데 떠날까함,2022-07-24 18:33:32-07:00,1,0,진짜 반성하세요 미래에셋,"태어나서 기사에 댓글 처음 다는데, 진심 너무 불편하다. 적응의 문제가 아니라 주식 투자자들의 조회 패턴에 대한 학습이 전혀 없이 개발된 어플… 이거 때문에 10년만에 증권사 바꾸려고 한다."
동맹동맹 추가요,2022-07-24 17:10:22-07:00,1,0,점점 더 엉망이네,"상품가입에만 중점을 두고 앱을 개발하나??? 점점 검색이 어렵고, 직관적이지 못하고……
참 한심스럽네"
아랴아디러우두이,2022-07-24 16:48:03-07:00,2,0,애플워치,애플워치에서는 더이상 지원 안하나요
꿀벌럽,2022-07-24 16:47:36-07:00,1,1,업데이트,"아이폰 자동 업데이트되고 너무 깔끔하지가 않네요.. 
조잡스러워졌어요 
보유 주식 목록들 보다가 다른 어플키고 다시 돌아오면 자동 리셋이 되어서 보던 주식 목록에서 맨밑 주식은 또 내려서 봐야하는 불편함 뭔가요.. 그리고 이체할 때도 애먹었어요. 아래 바에서 목록을 한번 더 눌러야 나오네요 이전에는 깔끔하고 편했는데 뭔가 과해요 투머치.."
ㅂㅈㄱㅊㄹㄹㄴ,2022-07-24 09:43:40-07:00,1,0,한숨만 나오네요,제것만 그래요?이평선 보조지표 왜 저장이 안되나요? 돈이 왔다갔다하는건데 개임어플도 이따구로 업데이트하고 나몰라라 하지 않잖습니까. 증권사 바꿀 때가 됐나봅니다. 업데이트 정말 별로네요. 이전 버전으로 사용가능하게 해주든 안정화를 시키든 아무조치 없으면 옮겨야죠
칼캉,2022-07-23 17:29:04-07:00,1,0,업데이트,"업뎅투 하고 애플워치 se는 호환 안되나요? 왜안되
그냥 하던데로 하지 뭐또 바꾸겠다고 하 영화도 원이 재밌지 2 3 는 별로 재미없는데 하 ;; 애플워치 호환이 왜안되눈거야"
아니별명을꼭설정해야하냐,2022-07-23 11:24:35-07:00,4,0,괜찮은 업데이트. 하지만 불완전한 기능들,업데이트를 통해 앱 하나로 국내외 주식들을 모두 할 수 있다는 것은 장점. 그런데 공동인증서 가져오기/내보내기 같은 기능들이 작동을 안한다. 이로인해 타앱과 연동도 안됨.
papa0506,2022-07-22 23:42:12-07:00,1,0,보이스오버와 사용 불가능,얼마전에도 증권어플 업데이트 해주셔서 시각장애인이 사용하기 좋게 패치도 했는데 이번 통합버전은 아예 접근이 불가능하네요 거레하라는 건가요 말라는 건가요 몇일간 전혀 사용 못하고 있습니다 너무 화가나네요
륙옵,2022-07-22 14:55:01-07:00,5,0,너무 깔끔하고 좋네요,UI도 깔끔하고 사용할 때 느낌도 좋은 것 같아요 타 증권사앱 쓰다가 넘어왔는데 마음에 드네요
꼴뜬뽀이,2022-07-22 05:17:35-07:00,1,0,익숙해짐의 문제가 아니라 잘못됨의 문제다,"수묵화같은 여백의 미를 좋아해서 미래대우를 사용했었는데 온갖 채색을 입혀셔 익숙해지라고 한다. 이건 잘못된 방향으로 나아가는 것이다. 
 
다른 증권사와 차별이 사라졌으니 미래대우를 사용할 이유를 더 이상 찾지 못하겠다. 

개발팀과 담당자는 이런 감각으로 일을 하고 있음에 깊은 반성과 사죄를 하여야 한다"
육식개미,2022-07-22 02:33:19-07:00,5,0,차트 볼 때 문의 드립니다,전에는 차트 터치하면 십자선 및 해당 일자 가격 등이 나왔는데 지금은 사라진 것 같아서요.. 설정을 따로 해야하는 건가요??
쿄쿄쿄쿄쿄쿄켜켜,2022-07-22 00:30:33-07:00,1,1,어플 진짜 구려요,"뭐 이렇게 만들어놨지
키기도 싫게 만들어 놨네 
장기 장투 하게 생겼어요 
진짜 어플 구려서 증권사 옮길 거라곤 생각도 못했는데
다른곳은 점점 직관적이고 보기좋게 바뀌는데
왜 여기만 자꾸 퇴화되는건지
개발자분들 나이가 다 많아요??
젊은 피로좀 바꾸세요"
코브라조,2022-07-22 00:27:31-07:00,1,1,누구 이런 업데이트를 승인했나,"보기 겁나 불편한게 다른 증권사 처럼 바꿔버렸네
미래만에 가독성 좋은 ui는  개나 줘버렸나  
한심한 대가리들   원래 미래로 바꿔"
ㅠㅠ같은문제요,2022-07-21 23:42:25-07:00,1,1,대체왜…,"업데이트를.. 이렇게 하신건지욤…
미래에셋.. 보기도 편하고 사용도 편했는데..
너무 불편하고 눈에도 안들어오고…
왜… ㅠ 후ㅜㅜ"
Cosmos929,2022-07-21 22:42:56-07:00,2,0,패드화면에서 사용 가능하게 만들면 좋겠네요,폰 화면이 작고 답답해서 패드에 설치해보니 패드화면에 폰 싸이즈로 앱이 보여지내요… 너무 아쉽습니다.
팅커루,2022-07-21 21:39:29-07:00,1,0,색상도 칙칙하고,예전 어플에서 세팅해 놓은 계좌 순서도 다 뒤죽박죽으로 넘어오고 주문 체결되면 문자로 오던 것도 갑자기 카톡으로 오고 제멋대로. 화면도 칙칙한 것이 너무 별로네요. 너무 많은 것을 넣으려고 해서 그런지 화면이 답답해요
이쁘다.,2022-07-21 21:27:43-07:00,1,1,개선 왜 이렇게 되었죠?,"별 한개고 아깝네요.
증권사 앱이 디자인만 개선하면 다인가요? 
안정성과 반응성이 더 중요할거 같은데 디자인만 신경쓴 업데이트 같네요. 
앱 반응속도 완전 느리고
필요기능 죄다 이상하게 만들어서 완전 이상해요.

계좌 잔고 하나 확인하는 것도 엄청 불편해요. 
계좌별로 보려면 해당 계좌를 선택하는게 아니라 다른 계좌를 빼야하는 방식이더라구요.

담당 기획자 주식 해본적이 없나봐요.
고객이 모바일 트레이딩앱에서 가장 크게 생각하는게 속도와 안정성인데
디자인만 동글동글하게 만들고…

지금 잔고만 정리되면 앱 삭제하고 증권사 갈아타야겠네요."
바랑이메고,2022-07-21 21:02:27-07:00,2,0,바뀌고 많이 불편함,바뀌고 많이 많이 불편함…
메리고Merry,2022-07-21 20:06:54-07:00,5,0,미래에셋 잘사용하고 있습니다,업데이트 하고나니 UI가 전체 적으로 업데이트 됐네요 몇년째 잘사용하고 있습니다. 다만 보는 방식 레이어웃에서 저는 갠적으로 우측 미니차트와 수익률과 한화면에 볼수 있는 레이아웃이 있어서 좋았는데 공통 뷰로 바뀌니까 조금 아쉽네요..추가되었으면 좋겠습니다
미래의워렌버핏,2022-07-21 19:27:22-07:00,5,0,한앱에서 다 할수 있어서 좋아요,해외주식도 같이 할수 있어서 넘 좋네요 다크모드도 지원되서 밤에 편하게 볼수 있어요
곧가을이네요,2022-07-21 19:21:03-07:00,5,0,너무 좋아졌어요,디자인이며 편의성이며 더군다나 앱을 하나만 깔아도 되니 너무 좋아진거 같습니다. 앞으로도 계속 노력해주세요
구웃~~~~^^,2022-07-21 18:15:55-07:00,1,1,이전 버전으로 사용할수있게 해주쇼...,장난하나... 너무 불편해서 쓰질 못하게 만들어놨네
ibrfen,2022-07-21 18:10:17-07:00,3,0,M stock업데이트 가로보기 차트 안됌,업데이트후 가로보기 차트 설정 안됌니다! 빠른 수정 부탁 드립니다~~
롤코입문자,2022-07-21 17:27:20-07:00,1,0,불편해 죽겟습니다 옛날버전 앱으로 다시 돌려놓으세요,불편해서 주문도 힘들고 차트 보기도 힘들고 메뉴는 조잡하고 다른증권사로 옮겨야 겟네요
아이폰졷,2022-07-21 12:33:16-07:00,3,0,앱아이콘 디자인은 기존것이 이쁜데,"왜 바꿨나요? 해외스탁,m mall  이랑 일관 돼서 좋아보였는데, 이제 혼자 따로노는 느낌이네요.  다크모드나 UI는 맘에 들어유. 앱아이콘만 기존거로 돌려놔 주세유"
벼 ㄴ주,2022-07-21 12:20:18-07:00,1,0,앱 통합된거 사용 못함!! 증권사 변경!,"10년썻는데 3일 사용해보고 욕밖에 안나오네요. 
발빠른대응 대처가 안되게 만들어놔서 이어플 망할듯!
한투증권으로 갑니다"
피턱park,2022-07-21 09:23:53-07:00,1,1,최악의 업데이트,"내돈주고 투자하면서 왜 관심도 없는 
실시간종목순위, 수익률상위1프로가 사는 종목,
어제 많이토론된종목 등 원하지 않는 불필요한 정보들을 봐야하는지 이해가 안되네요
홈메뉴를 개인 취양에 맞게 바꿀수있게 해주던지 
이전 버전선택적으로 사용하게 할수있게 하던지 
제발 고객들 의견좀 반영해줫으면 좋겠네요
10년 넘게 사용중인데 다른증권사로 넘어가고싶지 않네요 수고하세요"
호듀72,2022-07-21 06:35:36-07:00,1,0,업뎃 전으로 돌려놔라 진짜,매매할때 잔고 확인 안되서 최대수량 하나하나 눌러서 확인해야 하는게 말이 되는거냐;; 차트 설정 다시 해놔야하는것도 불편하고 전체적으로 보기 불편하다.
라일락향기맡으며,2022-07-21 06:32:29-07:00,1,0,불편해요,"익숙해졌는데 보기 불편합니다
거래할수가 없어요
계좌 잔액이 바로 확인할수 없어 불편해요
어두워서 보기 힘들어요
되돌려주세요
이체도 불편하고
다 별루예요
제발 되돌려주세여"
lapigh,2022-07-21 06:09:12-07:00,1,0,원래버전으로 돌려주십쇼,불편하네요
관심종목슬라이드,2022-07-21 04:53:06-07:00,1,0,미래에셋 완전 미친놈들이에요,"어느 증권사도 기존앱 두고 신규앱을 런칭하지 기존앱 내용싹다 바꾸는 미친짓을 안함 
너무 불편해요
주문화면이랑 현재가 화면에서 아래메뉴 사라져서 굳이 x표 눌러야함 
어떤 미친 임원이 기존껄 싹다 지우고 지맘대로 바꾼건지 어플 운영비 줄일려고 이짓을 한걸까 싶기도 하고 아니면 내용이 다른 증권사나 업비트 이것저것 가져다 붙인거 보면 그쪽 출신이 들어와서 지 업적 세울라고 한건지 또라이 이런 또라이가 없음"
리라하,2022-07-20 22:58:37-07:00,5,0,업데이트 전으로 돌아가고 싶어요,저만 그런지 모르겠는데 차트설정이 좀 이상해요 일단 종목별로 설정을 하나하나 다 해야함… 그리고 내가 설정해 놓은거 저장해놓고 들어가서 볼때마다 계속 불러와야하는데 이게 맞나요…? 내가 뭘 이상하게 하고 있는건지요ㅠ  업데이트 전에는 이런적 없거든요ㅠㅠ
라라라신나요,2022-07-20 22:04:13-07:00,1,1,새로 바뀐 사이트 너무 거지같애요.,한눈에 보이던걸 아주 어렵게 보게 바꿨더라구요. 찾아보기 엄청 어려워요. 왜 이렇게 어렵게 바꿨죠? 짜증나서 못하겠어요. 이 사이트 때문에 다른증권사로 바꿔야 할까 생각중이에요
삼트릭스탈출,2022-07-20 20:20:09-07:00,3,0,전보다 가벼워졌지만 버그가 좀 있는듯,"MY자산에서 스크롤 몇 번 하면 스크롤이 안먹네요
아이폰13 Pro 입니다"
gkswnsgml96,2022-07-20 20:17:42-07:00,4,0,상당한 개편,"이전 버전에서 통합 버전으로 넘어오면서 많은게 바뀐 것 같다 UI가 전보다 많이 상향 된 것 같다 하지만 메인화면 개인설정 및 관심 종목 그래프보기,프로그램 매매 확인등 기존에 좋았던 것들이 삭제 되거나 통합되어 이용하기 어려운 부분이 많은 것 같다. 그래서 별 하나 뺐다 지켜보고 하나 더하든 하나 더 빼든 하겠다."
너무불편해,2022-07-20 19:05:59-07:00,1,0,업데이트를 왜하신건지…….,최악 of 최악 불편해졌고 기능 인터페이스 눈에 들어오지도 않고 그냥 업데이트 전버전이 2억배는 쓰기 더 편합니다 지금 상태는 도저히 못쓰겠어서 조만간 다 손절치고 다른 증권사로 이동할거 같습니다
Badam2,2022-07-20 18:01:51-07:00,1,0,이전버전으로 돌려놔라,다른 증권사보다 직관적이고 익숙해서 다른곳에 갔다가 결국 다시 돌아오곤 했는데. 아주 직관성은 갖다 버리고.무엇보다 잔고에서 화면 2/3이상을 메뉴랑 평가금액으로 채우고 아래 1/3그 좁은 화면에서 종목 단3개 보이게 하는건 무슨 심보임? 짜증
beendkfk,2022-07-20 17:36:52-07:00,5,0,일괄매도 버튼 사라졌나요?,일괄매도 버튼 어디로 갔는지 댓글 부탁드립니다
늘푸른이,2022-07-20 17:23:43-07:00,1,0,왜 바꿨어? 정말 짜증나네 ㅜ,"메인 변경하고픈데 어찌해야하지?
아니 왜 트레이딩얍을 포털로 만들고 난리지? 
누구 머리로 기획했는지

메인에 보유주식 보이게 하려면 어케해야함? 

정말 최악의 앱이다"
예비교사7,2022-07-20 17:15:17-07:00,1,0,이번 업데이트 최악이네요,"배경색부터 가독성이 떨어지게 되어있고 UX / UI 가 전혀 고려되지 않는 업데이트 같습니다

이전 것이 익숙해서가 아닌 불편함이 많네요

차라리 이전 것을 일부분만 개선했으면 좋았을텐데...

주식잔고에서 현금에서 신용으로 넘어갈때도 이전과 달리 드롭박스 형태로 바뀌고...뭐랄까 이쁘게만 만들려고 한거 같습니다

써본 입장에서 너무 불편합니다"
JzimiaP,2022-07-20 17:14:33-07:00,1,0,업데이트를 왜 이딴식으로..,"기존에 잘쓰던 UI를 하루아침에 대격변급으로 바꿔버리네
이런식으로 바꾸는게 어딨습니까?"
goodjobz,2022-07-20 17:14:33-07:00,1,0,롤백해주세요,"디자인 바뀌고 너무 보기 불편해짐

이쁜거에만 치중한 나머지 중요한
정보들을 보기에 너무 불편해짐

너무너무너무너무 불편해짐"
므흣 ㅋㅋㅋ,2022-07-20 16:46:59-07:00,3,0,"쏘쏘, 기존에 유용했던 기능은 유지시켜줬으면…","아직은 적응 단계지만 몇가지 불편한 점이 있습니다.
1. 개별 종목 외 지수/상품도 보조지표 삽입할 수 있게해 주세요. 
지수/상품의 추세를 파악하고 개별 종목 트렌드를 봤는데, 새 버전에서는 지수/상품에서는 이동평균선만 보입니다
2. 화면간 링크를 유지해 주세요
예를 들어 특정종목을 ‘관심종목’에서 선택한 후 하단 메뉴에서 ‘종합차트’를 누르면 그 종목을 볼 수 있었는데, 지금은 ‘관심종목’ 메뉴 종목이 아니라 ‘종합차트’ 메뉴에서 최종 조회했던 종목이 보입니다."
으르렁님,2022-07-20 16:32:17-07:00,4,0,현재가에서 뒤로가기좀 만들어주세요,스와이프로 뒤로가기좀 바꾸었음 합니다 상단 x 누르는게 진짜 힘드네요 애플워치앱은 언제 지원하나요?
컴장세희님,2022-07-20 07:21:20-07:00,4,0,아이패드용도 만들어 주실순 없을까요?,모바일 어플 늘려서 쓰는거 말고 아이패드나 태블릿 용은 만들어 주실 수 없나요?
로블록이,2022-07-20 04:53:24-07:00,1,0,최악입니다,"제발 구버전 어플 사용할 수있게 해주세요
거래할 때는 익숙하고 본인이 사용했던게 가장 좋은 겁니다 업데이트는 최악이네요,,,,"
오른손은주무신다,2022-07-20 01:52:42-07:00,1,0,으이구,"어플 싹 바 꿔놧네 ㅡㅡ 보기불편네 으이구 
다른 어플로 거래 해야겟다 이제 부터 수수료는 엄 따 썩을"
gusdnlove,2022-07-20 01:46:19-07:00,1,0,멀쩡한 앱을 다 망쳐놨네,"신한, 삼성증권하고 똑같이 만드는게 업데이트인가요? 그런 스타일을 선호했으면 미래에셋 쓰지도 않았습니다 증권사별로 차별화된 디자인과 기능을 적용해야지 보기에만 깔끔하면 고객 유입을 할 수 있을꺼라 생각하는데 착각하지 마세요 편리함과 눈에 질들어오는 화면이 증권사를 결정하게 하는 제일 큰 이유 입니다"
홀!!,2022-07-19 23:54:27-07:00,1,0,앱 업뎃 거지같음,기존 사용자 생각 안함
눈아파*_*,2022-07-19 23:08:01-07:00,1,0,전 버전으로 되돌려놔라 멍청이가 만들었냐,"홈 화면 개판 만들어 놨어
핸드폰 화면으로 스크롤 하면서 보라고
스크롤을 최소화 해야지 않겠나 홈화면이 
전버전 애서 제일 좋았던게 개인기관외국인
거래소 선물 옵션 거래 흐름 그래프 였다. 
전 버전보다 불편하기 짝이없다. 
선옵 안해도 변동성 짚는데 필요요소이니 접근이 쉽게 만들어라 돌아버리겠네"
DiaHol w,2022-07-19 23:01:01-07:00,5,0,이번 업데이트는 진짜 괜찮네요,"리뷰 쓰라고 강제로 팝업떠도 잘안쓰는데, 
이번 업데이트는 너무 맘에 들어서
일부로 찾아 들어와 적고 있어요.
UI도 너무 깔끔하고 맘에 드네요
미래에셋 주거래 이면서도 mts 불편해서
이곳 저곳 기웃거렸는데
미래에셋으로 다 통합해야 겠네요."
아라한79,2022-07-19 22:46:43-07:00,5,0,이쁘고 깔끔해졌네요,메뉴가 이뻐지고 정돈된 느낌이 납니다. 국내해외 주식투자도 앱 하나로 되서 좋네요. 앞으로 더 좋은 기능과 정보 기대하겠습니다.
ㄷㅈㄷㄲ쑈ㅕㅕ,2022-07-19 21:44:46-07:00,1,0,하단메뉴 고정 필요,"다른건 몰라도 하단 메뉴는 고정해줘야 하는거 아닌가요. 
현재가나 차트 들어가면 하단메뉴가 없어져서 좌측 상단의 뒤로가기를 몇번을 누르게하고
불편해요. 원래버전으로 돌려줘요"
콜라의연인,2022-07-19 20:09:35-07:00,1,0,화면이 한 눈에 안 들어옵니다,"홈 화면도 라인이 아니라 기존처럼 캔들 차트로 보여주세요 마이 자산도 개별 합산 그 줄 없애고 자산목록이 전처럼 한눈에 들어오게 바꿔주세요 아니 아예 기존 버전 쓸 수 있게 해주세요 이번 앱 차트 변화가 눈에 안 들어와서 매우 불편합니다

기존 어플로 롤백할 수 있게 해주세요"
실망.,2022-07-19 19:40:24-07:00,3,0,아이패드에서 가로모드 전환 불가,"아침에 갑자기 앱이 바뀌어있어 무척 당황했어요  뭐가 어디에 있는지 찾지 못해 주문이 늦고 당혹함으로 오전내내 허둥댔네요
그리고  아이패드로 차트 보는데 갑자기 가로모드 전환이 안되게 바뀌었어요 수정가능하면 좋겠습니다"
솔솔솔솔솔123846271,2022-07-19 19:39:13-07:00,1,0,아이폰 유저는…,"아이폰 유저도 많을텐데 왜… 제스처기능이라고 해야하나요? 기존에도 반영이 많진 않았는데 아예없어졌나보내요. 
매번 상단에 있는 화살표 눌러야 하는건가요? 뒤로 가기라도 통하게 좀 해주세요"
인베스팅닷컴최고,2022-07-19 18:48:15-07:00,1,0,홈화면 구성을 편집할 수 있게 해 주던지 관심종목을 상단에 넣어주세요,"홈화면에서 코스피 지수와 관심 종목을 한 번에 보고 싶은데 방법이 없네요
홈화면 구성을 편집할 수 있게 해 주던지 관심종목을 상단에 넣어주세요"
어서요 시급,2022-07-19 18:32:27-07:00,1,0,업데이트 후 불편해짐,mts 조작이 너무 불편해 졌네요
ㄷㄱㄴㅅㅂㅈ리,2022-07-19 18:24:22-07:00,1,0,업데이트 별루임,"그전이 보기 편해서 미래로 거래하는데 
업데이트하고 보기 불편해짐 ㅠㅠ 
갈아타야돼ㅠ"
kinm1213,2022-07-19 18:06:03-07:00,1,0,이렇게 할거면 리뉴얼 왜하나요,"아니 앱 리뉴얼은 좋은데 왜 이따위로 해놓으신거죠
지금 전부 바뀌어서 헷갈리고 예전에 양식은 가져가되 포맷만 바꿔야지 자산탭 들어가면 어색해죽겠어요..
미래에셋이 사용하기 제일 편해서 썼는데 
앱 리뉴얼되고 갈아타고 싶어요... 진심짜증 사용하는거 너무 불편해요"
하루이틀암,2022-07-19 17:56:41-07:00,1,0,아 진짜,아 진짜 사용하기 너무 불편해요 전체적으로!!!!!!!!!!!
Zoo0,2022-07-19 17:48:23-07:00,1,0,이번 업데이트 너무 불편함,시스템이야 그렇다해도 디자인같은건 함부로 바꾸면 사용자들 불편한거 생각안함??
ENDZONE96,2022-07-19 17:39:09-07:00,1,0,도대체 왜 업데이트한건지,너무 불편하다. 우선 선옵잔고 화면에서 일괄청산 기능이 없어진 것은 정말 이해할 수가 없다. 파생거래 특성상 꼭 필요한 기능 아닌가? 주식/선옵 모두 잔고화면에서 보이는 종목수가 너무 줄었다. 특히 선옵은 전체 손익이 열린 상태에서는 달랑 한 종목만 보인다.  그리고 투자정보 메뉴에서 보이던 투자자별매매동향 테이블 및 차트 없어진 것도 너무 불편함. 아마도 폴더폰을 의식해서 UI를 바꾼 것 같은데 일반 스마트폰 사용자 입장에서는 도저히 납득불가. 대한민국 최대 증권사에서 MTS를 바꾸는데 이렇게 사용자 편의를 무시하고 일방적으로 바꾼다는게 이해가 안됨. 별 하나도 아깝다.
네이버싫어,2022-07-19 16:24:52-07:00,1,0,미래에셋 박현주 형님,"아무래도 이번 MTS 업데이트는 완전 실패입니다, 형님

개인투자자들 망하게 만드려는 인터페이스, 디자인이라니… 우리가 미래에셋 MTS 쓰던 이유는 다른 증권사랑 다르게 가볍고 직관적이라 그랬던 건데"
도쿄팍,2022-07-19 10:45:14-07:00,5,0,요번업데이트,정말 전반적으로 싹~다 대규모 업뎃 너무 좋아요 진짜 어플킬맛나네요 ㅎㅎ
smokeaftersex,2022-07-19 10:38:41-07:00,3,0,수수하지만 보기 좋았었는데 왜 굳이,개떡같이 바꾼 걸까요.
한화허접,2022-07-19 09:20:40-07:00,1,0,새버전,열라구림  이전 버전이 보기에도  좋구 홈  화면  편집도  되고 이건  머 아무것도  안되니  누가  만들었는지 어떻게  이따위로 메뉴를  구성하지 분명  주식  안하는 사람이  개발한듯 . . 열라 개구림
믹키얔,2022-07-19 08:00:46-07:00,4,0,뒤로가기 스와이프 또 왜 안됩니까,제발좀 되게해주세요
issues8,2022-07-19 07:33:04-07:00,1,0,"국장,미장 통합된거 좋아요 근데","퀵메뉴에 현재가 선택시 퀵메뉴 사리지고 주문 하려면 오른쪽 위 주문을 눌러야 주문화면으로 넘어감
반대로 퀵메뉴에서 주문 누르면 퀵메뉴 사라지고 현재가 메뉴 누르려면 오른촉 위 현재가 눌러야함
타사들mts 보다는 확연히 다른인터페이스인데 종나게 불편함 
솔직히 이것때문에 사용하기 꺼려지네요"
종군당,2022-07-19 06:31:14-07:00,3,0,종목 메모기능이 불편해졌어요,이번 업데이트 이후 종목 메모창에서 복사 및 붙여넣기능이 사라졌습니다. 상당히 불편하네요.
4fkdgksms,2022-07-19 05:07:03-07:00,1,0,절대쓰지 마세요 해외 앱이랑 통합하지 마세요,"왜 숫자 옆에 퍼센트 안써져 있어요 ?????? 그리고 너무너무 불편해요 그전꺼가 훨씬 편했는데, 다른 주식회사로 옮길생각 들 정도로 너무 불편하네요 고민해봐야겠어요"
서연파파11,2022-07-19 03:20:22-07:00,1,0,이거 누가 만들었나요??,"1.블랙테마 너무 어두워서 별로고  
2.격자무니  먼가요?시세와 거래량 보여야하는데  
프로테이지만  보이고  아래 작게 시세 보이구 너무 별로에요 다른 곳으로 갈아 탑니다"
DYEKJQ,2022-07-19 03:15:56-07:00,1,0,새로 바뀐 MTS,"새로 바뀐 MTS는 이전 보다 많이 불편하네요. 
사용자의 편의성을 생각하지 않고 업데이트 한 것 같네요
타 증권사로 옮겨갑니다.

수고 하세요."
5rang87,2022-07-19 01:46:20-07:00,1,0,업데이트 됐는데 너무 별로..,"업데이트 됐는데, 너무 별로.. ㅠㅠ
그동안 섹터별 수급별 진짜 보기 편해서
다른 증권사어플 안썼는데
이렇게 어렵게 업데이트 된거면
전 다시 다른걸로 갈아타렵니다
원래 하던 방법이 있는데
오늘 하루종일 헤매느라 투자를 못함요..
왜 바꾼걸까.."
박승철8888,2022-07-19 01:10:14-07:00,1,0,그냥원래대로 바꿔주세요,제발 ㅠ
블루타이거,2022-07-18 23:19:02-07:00,1,0,별한개도 아까움. 예전걸로 다시 돌려놔 주세요.,종합지수랑 종목지수를 같이 볼수도 없고 화면이 지꽌적이지도 않아요. 예전 것이 훨씬 좋네요.
딸기엄마2,2022-07-18 23:05:12-07:00,2,0,보유종목보기,"보유종목이 국내/해외 통합을 해놔서 너뮤 복잡해요. 
장 열리는 시간도 다른데 섞어놔서 뷸편해요."
LivePeople,2022-07-18 22:44:38-07:00,1,0,제발 기존 버젼 그대로 주세요,"진짜 심각하게 증권사 옮길까 고민중 입니다.   
미래 10년 넘게 쓰고 있습니다.
제발"
지인II,2022-07-18 22:04:28-07:00,1,0,앱 진짜 구리게 업데이트 했네.,앞으로 미래에셋 이용 안할 듯
JHLee iphone,2022-07-18 21:56:04-07:00,1,0,이전 버전을 다시 쓰려면 어떻게 해야하나요,"너무 불편하게 바뀌었는데
가볍고 빠른 직관적인 인터페이스를 왜 이렇게 복잡하게 통합시켰죠?
현재가로 들어가면 x를 물러서 빠져나와야하고
매수 매도 표시도 무슨 계좌선택을 하면 터치가 언오프로 되어서 몇번을 눌러야하고
주식 전문가 없이 주식 모르는 일반 디자이너가 만든 느낌이 드네요
색만 이쁘장하고 영 불편해요
이전버전이 스토어에서 사라졌는데 업그레이드가 되어서 이전버전을 못쓰게 된건가요?"
안볼란당,2022-07-18 20:50:11-07:00,5,0,오늘 휴장인가요?,숫자가 0밖에 안나오네요?
부기 ㄹㅇ,2022-07-18 20:22:02-07:00,1,0,Ui 좀 다시 원래대로 돌려주세요,좀 익숙하게 쓸만해졌다 싶어지니까 디자인을 ㅈ같이 바꿔버리셨네요 증권 거래 시스템만 잘 돌아가게 해주세요 댁들이 증권사지 무슨 디자인 회사도 아니고 이상한데 개삽질을 하십니까
피카소화백,2022-07-18 19:59:39-07:00,1,0,오늘 앱 업데이트 됐는데,"토론방 뭐지? 커뮤니티 뭐여? 
미래에셋 커뮤니티 글도 별로 없고 누가 쓴다고...
그냥 네이버 토론방 기본세팅되게 해줘라.
아니면 옵션을 만들어 주던가..
앱을 다운그레이드 해놨네."
thatjin,2022-07-18 19:08:28-07:00,4,0,개선요청,"구버전 어플에서는 차트를 켠 상태에서 우측 상단 …버튼을 눌러서 다른 관심종목으로 터치 몇번이면 곧바로 옮겨갈 수 있었는데 패치 후 그 버튼이 사라졌네요. 다른 종목 차트로 넘어가려면 일일이 타자쳐서 검색을 해야 해서 번거로워졌습니다. 예전 그 기능 살려주세요..

새로 추가된 이평선 설정가능개수 늘어난 부분, 매수매도시점표시 평단표시 기능 등은 참 좋은 것 같습니다."
앙꼬🐥,2022-07-18 18:22:15-07:00,1,0,기존 인터페이스를 돌려내시오~,UX개편이 맞는건지요? 기존에 잘쓰고 맘에 들던 기능들이 전부 없어져 버렸네요. 기존 인터페이스도 사용할 수 있도록 해주세요. 너무 맘에 안드네요
budopar,2022-07-18 17:56:55-07:00,1,1,시쓰레기 앱,"그냥 옛날 걸로 바꿔라!!
이따위로 허접하게 만드는게 니네들 수준이니??"
Clair minkyoung,2022-07-18 17:29:40-07:00,1,1,새로 바뀐 어플 로고 너무 촌스럽습니다.,"M - 고딕 스타일 너무 촌스러워요. 대학생한테 맡겨도 이것보다는 세련되고 호감있는 디자인이 나오겠다 싶은 정도…  차라리 이전에 둥글둥글한 m이 더 나았어요.  스마트폰 화면 M stock 어플 보면, 삼류 기업 어플 같아서 쓰기 싫어질려고 하네요"
Anmado,2022-07-18 17:23:31-07:00,2,1,디자이너 잘라라,"글씨 작아지고 보기도 불편하고 
뭐하자는 거냐?
고객들이랑.한번 해보자는 거냐?"
와랄를랄,2022-07-18 17:19:41-07:00,5,0,앱 바뀐거 너무 좋아요,"기존에도 타사 앱들에 비해 가볍고 깔끔한 느낌이 있어 좋았지만, 해외주식 국내주식 나눠져있어서 좀 불편했는데 이번 업데이트 앱으로는 한번에 가능하네요. 해외주식에 나라 클릭하면 거래시간 보이고 지구본 돌아가는 것도 재밌네요. 
다만 처음에 아래 메뉴에 뜨는 설명창 닫아야 이용할 수 있는데 그게 잘 안보여서 앱 멈춘 줄 알았어요… 전체화면 이미지로 설명해주면 더 좋을 것 같아요. 앱 업데이트 하시느라 개발자분들 고생하셨을 거 같네요. 잘쓰겠습니다!"
태또빡,2022-07-18 17:03:17-07:00,5,0,대형증권사는 다르네요,"대형증권사는 달라도 다르네요
기존에 여러개의 어플이 나뉘어져잇어서
기능찾아 헤매이곤 했는데 통합을 해주셨네요…ㄷㄷ
잘 사용할게요!"
피자스쿨3,2022-07-18 16:53:52-07:00,5,0,전반적으로 굉장히 깔끔해졌네요 아주직관적입니다,앱여러개안키고 하나로 다해결이되네요 편리합니다
예돌돌,2022-07-18 16:02:57-07:00,5,0,훌륭한 변화네요 ㅎㅎ,"업데이트했는데 앱이 왼전하게 바뀌었네요
더 써봐야 알겠지만 투자정보보기에도 거래하기에도 좋고 uiux도 원래보다 훨씬 세련되져서 좋습니다 
외국 앱같아요 ㅋㅋㅋ"
seabassking,2022-07-18 15:45:12-07:00,5,0,드디어 합쳐졌네요,해외주식 국내주식 잔고 보려면 매번 다른 앱을 사용하는게 불편했는데 드디어 연금자산까지 하나로 합쳐졌네요 앞으로 더욱 편의성 있는 서비스 기대하겠습니다
성처리369,2022-07-18 15:38:31-07:00,5,0,좋아요,국내주식과 해외주식은 한번에 좋아요
신라코인,2022-07-18 14:56:19-07:00,5,0,깔끔하고 직관적이네요,"깔끔한 디자인과 직관적인 통계 데이터가 너무 마음에 듭니다.  국내, 해외, 채권 모두 한 곳에서 거래가 가능하네요  굿!"
암유발겜,2022-07-18 08:54:28-07:00,1,1,개발자가 삼성증권 쓰다 넘어왔나 왜이래,업뎃 전으로 돌려주세요 ㅠ 깔끔해서 미래에셋 쓰는데 완전 삼성증권 앱이랑 똑같아 ㅠㅠㅠ
비누는,2022-07-18 04:15:17-07:00,5,0,통합 잘했다,그간 넘 불편했는데
khyo0722,2022-07-18 01:21:16-07:00,5,0,오!! 좋은데요!!,"미래에셋증권 사용한지 오래 됐는데
이번에 앱 바뀌고 디자인도 세련되고
기능들도 많이 좋아졌네요!! 좋아요!!"
완전좋네요,2022-07-18 00:57:05-07:00,5,0,좋아여,뭔가 깔끔해진 것 같아요
여녀ㅕㄷ,2022-07-15 01:13:03-07:00,5,0,지구본 확대했더니..,해외주식 화면 지구본 확대했더니 우리집까지 보이네요.. 어떻게 하신거죠…?
나요오오오옹이,2022-07-12 19:36:50-07:00,1,0,로그인이안됨 ㅡㅡ,"로그인 개선하고 나서부터 생체인증도 안되고
간편인증으로 다 인증 두세번 해도 안됨 ㅡㅡ"
할ㅇㅇㅇㅇ,2022-07-06 05:02:16-07:00,1,0,아이패드용 앱 만들어라,장난하냐??  나무증권좀 보고 배워라 제발.. it 부서 담당자 싹 물갈이 필요하다. 이딴식으로 할거면..
오홍홍홍굿,2022-06-30 17:02:21-07:00,1,0,어플진짜 개쓰레기네,"종목누르면 팅기냐 ㅡㅡ 
수수료떼가는걸로 어플에 투자좀해라
매크로답변이나 달지말고 ㅡㅡ"
메리카소녀지,2022-06-27 00:44:55-07:00,1,0,로그인 오류,"로그인 오류가 한두번 나는게 아니네요
어쩔땐 응답시간 초과, 각 통신사 접속불가..
와이파이오 연결되서 그런가 하고 끄고 해도 계속 접속 안되고.. 
앱 삭제 후 재설치 해도 똑같아요"
hojin0223,2022-06-23 04:21:29-07:00,5,1,통합하지 말아주세요,"지금 분리돼 있어서 타 증권사에 비해 속도도 빠르고 단순해서 사용하기도 훨씬 편한데 왜 통합하는 거죠?
m, all이라도 그대로 놔두면 안 되나요? 물론 지금 와서 통합을 멈추기는 힘들겠지만 너무 아쉽네요. m, global도 따로 분리돼있어서 다른 증권사 해외 주식보다 훨씬 편리해서 해외 주식은 무조건 미래에셋만 썼는데 진짜 너무 아쉬워요. 간단히 자산 변동(당일+-확인)만 확인하고 싶을 때 항상 m, all을 사용했는데 아쉽네요. 자산 그래프도 m, club에서 확인할 수도 있지만 더 편리한 게 m, all이었는데. 진짜 주위에서도 수수료 좀 더 비싸도 mts가 좋아서 미래에셋 쓰는 분들도 많은데 앞으로도 국내 최고의 mts 유지해 주셨으면 좋겠어요. 특히 광고 없는 깔끔한 디자인과 직관적인 메뉴 꼭 유지해 주세요."
야얌야얌,2022-06-11 00:59:46-07:00,5,0,차트에서 평단 볼 수 없나요?,"차트에서 평단을 보는 기능이 필요합니다
개발부탁드려요
한투나 나무는 있더라고요🤗"
밤도리띠,2022-06-02 22:01:23-07:00,2,0,차트 축소 시 멈춤,차트에서 축소시키면 계속 멈추는데 개선 가능한가요..??
와이것도중복이야,2022-05-31 08:52:59-07:00,1,0,계좌비번 및 보안오티피 관련,"계좌비번5번 틀렸다고 해서 재설정하러갔습니다
비번설정중 보안오티피 비번입력했는데
(보안오티피도 혹시 틀릴까봐 보안오티피메뉴가서 비번맞는지 확인까지함) 
(다음)버튼을 눌러도 다음으로 남어가지 않아서 계속 다음버튼을 눌랐더니 보안오티피 초기화라고 떴습니다.

그래서 보안오티피설정하려하니 계좌비번필요하고
계좌비번설정하려하니 보안오티피거 필요하다하고

이거 어쩌라는거죠..?? 저 지금 계좌비번재설정 하려해도
보안오티피없다고 재설정도 안되요. 고객센터에 문의할껀데 로직 개선좀 해주세요."
plzgetmesolution,2022-05-18 07:19:01-07:00,1,0,접속 불가,어플을 누르면 창 여러개가 스와이프되며 반복해서 열리는 현상이 계속되면서 메인화면 접속이 되지않습니다. 해결좀 해주세요
나후계도,2022-05-08 23:11:09-07:00,1,0,매도할때 최소한 확인 버튼이라도 좀 만드소!!,현재 보유계좌확인하고 화면 스와이프 하는데 보주 식이 전량 매도가 되버렸는데 얼탱ㅇ가 없어서 바로 타른 증권으로 갈아탑니다!!!
아 머야;;,2022-05-08 16:56:01-07:00,1,0,뭐하자는 건지,마스터파일 다 받았고 와이파이 껐는데 왜 화면 안넘어가냐!!! 거지같은거 만들고 이딴것도 앱이라고 월급받냐??
ㄱㅅㅁㅁㅁㅇ,2022-05-06 15:35:24-07:00,1,0,앱 다운로드가 안되는데요?,"업그레이드 하려는데 불가해서 앱 지우고 다시 다운 받는데 
앱 다운로드가 안되고 자꾸 튕겨요"
lee2young,2022-04-28 17:07:40-07:00,2,0,불편해요,"UI UX 좀 바꿨으면 좋겠어요. 보기 어렵네요.
그리고 출금하는거 왜이렇게 어렵나요;; 수수료도 내야하고.. 다른 증권사 앱들이 훨씬 쓰기 조아요ㅠ"
zcmgy,2022-04-27 17:44:49-07:00,1,0,첫화면 마스터파일 다운로드 중 화면에서 넘어가질않고 실행이 안돼요,첫화면 마스터파일 다운로드 중 화면에서 넘어가질않고 실행이 안돼요
서키s,2022-04-26 19:06:51-07:00,1,0,이체오류,이체가 안댐 otp까지 다치고 확인버튼 눌러도 아무 응답없음 며칠째 돈 송금 못하는중 너무 화남
가나다라마바사 후리스,2022-04-22 17:24:17-07:00,3,0,인증이 안되네요,문자 인증이건 ars인증이건 둘다 안되서 로그인을 못하네요
후훗23,2022-04-18 17:16:24-07:00,5,0,슈퍼위크챌린지 안들어가져요,아이폰 xr인데 슈퍼위크챌린지 현황보기 누르면 자꾸 서버에서… 이것만 뜨고 안나와요
별네개!,2022-04-17 05:28:23-07:00,1,0,앱실행안됨..,계좌다만들어놓고 해외주식하려고 하니 앱실행이안돼네요 ㅋㅋ...시작한다는 화면만뜨고 접속안됨;;어쩌지는건지
sibalfstock,2022-04-16 03:22:50-07:00,1,0,관심종목추가시 버그,"관심종목추가시 기존 종목들 다날라갔습니다 
데이터 복구도안되고 심각한버그가 있네요 빠른조치필요합니다"
이례빈,2022-04-13 22:36:57-07:00,1,0,매수 버튼을 누르면 매수 수량 지 마음대로,"어쩌냐 장사를 접던가 중여한 타이밍에 장난하냐
매수 버튼 누르면 매수 수량을 마음대로 정해 버리네요 갑자기 왜 아러는 거죠?? 매매 많이 하라고 하나.. 여기 주식 쟁여놓은 거 다 털면 유진으로 가야 것다 이거 쓰지 마세요 어플이 개판"
ㅋㅋㅋavdaks,2022-04-12 20:54:20-07:00,4,0,"다크모드, 태블릿용어플 지원좀부탁드려요",이상입니다.
봉천동 원숭이,2022-04-12 09:37:01-07:00,1,0,개불편함,키움쓰다 이거 쓰면 돌겠음
글작성자,2022-04-11 21:25:11-07:00,1,0,아이패드용,리뷰를 보니 다수의 유저 요청 건이 있는걸로 보이는데 아이패드용은 계획 없나요?
은빛달고기,2022-04-10 18:40:18-07:00,1,0,수 준 미 달,개발자좀 고급으로 새로 뽑아 만들어라. 휴대폰 번호 변경도 안되고 UX 쓰레기
옥치,2022-04-07 20:10:20-07:00,3,0,위젯,"아이폰에서는 위젯사용이 안되는건가요 ?
안드로이드에서 넘아왔는데 넘 불편하네요"
erpcotjeks,2022-04-06 21:53:34-07:00,1,0,퇴직연금 관리를 이원화해서 그지같음,"말 그대로 퇴직연금 관리가 엠올 앱으로 이원화 되어 있어 개인연금저축과 별도로 관리 해야 함. 
무슨 이유인지 모르겠음.
거래내역도 퇴직연금은 다른 방법을 통해서 봐야지만 배당금 입금 내역이 나옴.

매매도 힘들고 ..

개발자 위주의 앱 같음. 사용자에겐 무지 불편함."
별명 왜 자꾸 있대!!!,2022-03-28 22:03:04-07:00,1,0,로그인 안됨,"생체인증 안되면 핀번호라도 떠야되는데 안뜸요.
페이스 아이디는 오케인데 앱이 뭔대 생체인증이 다르다고 함????
그래서 핀번호만 뜨게 새로 등록해도 같음ㅋㅋㅋㅋ
개인연금이랑 수수료때매 미래에셋 들어왔는데 이런 오류때매 사용자들 다른 증권사 이용할듯…
앱 ui좋으면 뭐하나요~ 기능이 안돌아가는데~
개발자 바꾸시던가 하셔야 할듯요."
포인트 72,2022-03-27 05:28:16-07:00,4,0,종목별로 언제 얼마에 사고팔았는지 한눈에 볼 수 있었으면 합니다.,"다른 증권사에서 제공되는거 보니 편리해 보이더라고요 
주식잔고에서 현재 갖고있는 종목들의 일자별로 매수(빨간색으로 표기), 매도(파란색으로 표기) 하여 매수/매도한 진행상황을 알고싶습니다. 
현재는 거래내역들어가면 여러 종목이 섞여서 확인하기 번거롭습니다."
4<769,2022-03-18 04:18:15-07:00,5,0,다크모드테마,다크모드 계획은 없나요?
하루만니방의,2022-03-18 03:00:27-07:00,5,0,네이버페이 땜시 만들어 놨는데,주식통장 만들기 구찮아서 이걸로 이용하는데 잘 몰라서 그런가 불편한거 없음
지니어스포,2022-03-16 18:35:57-07:00,3,0,실시간잔고 메뉴가 없다니,"실시간잔고 메뉴에 넣어주세요 
너무 불편해요"
azdncods,2022-03-16 08:17:32-07:00,1,0,별한개도 아까움,간편인증 등록하고 맞게 입력했는데도 핀번호검증실패 자꾸 뜸 간편인증 등록해지하고 다시 등록해도 똑같은 증상 으로 로그인안됨 진짜 개꼴았음 국내주식 해외주식 거래 앱이 따로 있는것도 불편하고 거지같음
똥백전,2022-03-14 17:06:45-07:00,1,0,패드용 만들어 주세요,기대는 안 합니다
들어오지 말았어야 했삼,2022-02-24 23:23:06-07:00,3,0,핵킹조심,핵킹에  취약한듯
48850402,2022-02-24 03:48:00-07:00,1,0,가입도 안되는 앱은 첨보네,금액에서 자꾸 리셋되면 어쩌라는거야? 개같은거 만들어놧네
존버한다고될것같냐?,2022-02-23 06:06:44-07:00,3,0,차트 좌우 이동 안됨,"차트를 좌 우로 이동 할때 반대로 움직이는 현상이 몇개월 전 부터 있었는데 아직도 고쳐지지 않았네요
언제쯤 해결될까요"
서강펑펑,2022-02-22 23:34:28-07:00,5,0,ETN이 자동매매 안 되는 이유가 이해가 안 갑니다.,"주식 ETF하듯이 자동매매하면 될 것 같은데
MTS 설계의 실패인가요?
소프트웨어 공학적으로 이해가 안 갑니다. 
모듈화에 대한 개념 부재인지..."
ㅏ라,2022-02-20 20:12:14-07:00,4,0,다 좋은데요. 다크모드 지원 안되나요,눈이아파요…. 다크모드 개발 좀 부탁드려요
filmmaker79,2022-02-12 23:26:23-07:00,1,0,오류,오류나서 돈날려도 배째라 하는 앱
람세스707,2022-02-10 17:11:00-07:00,1,0,아이패드 화면 크기 좀 맞춰줘라.,아이패드에 최악의 화면이다. 아이패드 전용 어플도 출시해줘라.
다돌이짱,2022-02-08 01:06:31-07:00,4,0,아이패드용 어플좀 개발해주세요 ㅠㅠㅠ,"미래에셋 몇년째 사용중인데 패드로보려니 아쉽네요....
꼭 좀 만들어주세요,,,"
암내오빠,2022-02-07 16:44:11-07:00,5,0,미래에셋 두가지 어플 문제점,주황색 어플이랑 파란색 어플 두개가 아이페이스 하나가 되면 하나는 안되고 계속 오류 뜹니다 어떻게 해결해야하나요
라면두개기본,2022-02-04 05:30:38-07:00,1,0,실시간 현재주식가 볼수 없나요?,"갤럭시 쓰다가 아이폰으로 넘어왓는데, 실시간 '현재주식가' 검색이 안되네요. 개장전 거래되는 주식가는 보이는데, 9시이후부터 장종료까지의 현재주식가 검색이 안되요. 확인부탁드려요"
믿아,2022-01-26 20:33:26-07:00,1,0,매도매수,"안 팔리네요
왜 인지 모르겠는데
매도가능수량이 없다고 0이라 뜨길래 당연히 팔린 줄 알았는데, 하루 지나고 보니까 안 팔렸더라구요. 손해는 더 커졌구요. 그리고 매도매수는 타이밍인데 팔고 사는게 너무 느려요. 진짜 답답해요"
ㅆㅇㅆㅇㅆㅇ,2022-01-21 11:43:15-07:00,1,0,진짜 비밀번호 오류 푸는거 개떡같이 해놨네요ㅡㅡ,무슨 로그인하는 것마다 전부다 계좌비밀번호 쳐라고 하면 어떻게 풀어요 방법대로 하려고 해도 로그인이 안되니까 뭘 하지를 못하고 있어요;; 컴퓨터로 홈페이지 들어가서 공동인증서 열려고 하니까 계속 보안프로그램 설치했는데도 하라고 하고 앱이든 페이지든 지금 로그인 하나 하려고 며칠 몇시간을 잡고 있는지 스트레스 받아죽겠네요 비밀번호재설정 좀 쉽게 바꿀 수 있도록 만들어놓읍시다 다신 안쓴다 미래에셋...하
표두,2022-01-19 23:35:47-07:00,1,0,7ㅐ ^ㅐ 끼들아,아오 ㅡㅡ 아오..... 이딴 도움도 안되는 허접한 앱은 왜만들어서 열받게 하냐 채걀도 제때 안돼 청약도 안돼 되는게 머냐?? 아 지짜 정말 싫다
구매내역삭제신청합니다,2022-01-18 19:24:46-07:00,1,0,무슨 앱을 이 따위로 만드는거야,공모주 상장날에 다운 되는건 다반사고 이체하는데 OTP필요하다길래 만들려고 하니까 신분증 진위 확인 기관 장애로 못 만든다고 돈 묶여서 아무것도 못 하고 이거 어플을 왜 이딴 식으로 만드는거야
덩디기쿵더러러러,2022-01-13 23:48:10-07:00,1,0,앱 진짜 ㅂㄹ임 ㅠ,"계좌 비밀번호 맞게 쳤는데도 5번 틀렸다고 나오고, 계좌 비밀번호 알려면 로그인을 해야하는데 로그인하려면 계좌 비밀번호 입력해야함 ㅋㅋㅋㅋㅋ 아 진짜 이런 앱 처음임 개선해야할 것 같음 뭐든 다 불친절함"
바뎌류다차뉴녖,2022-01-12 16:44:26-07:00,1,0,표시 안 됨,수고 많으십니다! 몇일째 지금 관심종목 화면에서 종목들에 대한 정보가 표시가 안 됩니다ㅜㅜ 빨리 좀 고쳐 주세요
헤헤래ㅐㅎ,2022-01-11 18:36:48-07:00,3,0,공모주 청약시 투자설명서 다운로드 후 튕김,"안녕하세요 
아이폰은 튕김 현상이 없지만 갤럭시 쓰시는 어머니께서 공모주 청약시 투자설명서 다운로드하고 다시 미래에셋증권 어플에 들어오면 재로그인되었다고 하고 신청이 되어있지 않네요ㅠㅠ 몇번 반복해도 똑같습니다"
왕탱자,2022-01-06 14:57:16-07:00,4,0,페이스 아이디 로그인 문제,"요즘은 마스크 쓰고 다니는 시간이 많은데
로그인할때 페이스로그인이 안되면 간편비밀번호로 넘어가야 할꺼 같은데 페이스로그인이 안되면 계속 로그인이 안됩니다..
공공장소에서 마스크 벗는게 부담인 공간에서는 로그인 안되면 짜증이 나요.."
멋진글쎄,2022-01-01 01:22:10-07:00,3,0,태블릿 지원,"태블릿 지원 및 스플릿 지원해줘요
키움, KB증권 등 몇몇 증권사들이 태블릿 전용버전을 지원합니다
미래는 폼 버전만 있네요
좀 더 넓은 화면으로 다양한 정보확인 및 매매 가능하도록 태블릿 버전 지원해주셨으면 합니다
아니면 아이폰용 mts 스플릿뷰 지원 해주세요
큰 화면에 아이폰용 mts는 너무하네요"
조금더일찍시작,2021-12-28 16:43:24-07:00,3,0,아이폰 페이스아이디 지원 안되나요?,"원래 페이스아이디 잘 사용했는데 
간편인증 재등록 하니 안되던데 어떻게 안되나요?"
성룔,2021-12-22 22:41:39-07:00,1,0,앱,아이폰을 사용하고 있는데 앱에서 나갓다 다시 들어가면 정지된 상태입니다 수정 부탁드립니다
제방봐,2021-12-21 07:40:41-07:00,5,0,아이패드 전체화면 지원좀 해주세요,아이패드로 주식하는데 화면 때문에 불편해요 지원좀 부탁드려요
Dingky,2021-12-20 21:55:41-07:00,1,0,인증서 연장 안됨,인증서 연장 갱신 하려고 인증서 로그인까지 했는데 갱신 하려고 하면 인증서를 찾을수가 없다는....  그럼 인증서 로그인은 어케했누...
shchoiher,2021-12-17 17:49:19-07:00,4,0,계좌개설시 전면카메라로도 인증 기능 요청합니다,계좌개설시 민증 인증할때 전면 카메라로도 가능하게 해주세요. 카메라 전환이 안돼요
최다일,2021-12-15 20:33:05-07:00,1,0,테블릿용 앱좀 만들어 줘요.,테블릿용 앱 하나만 만들어 달라고 요청 했는데 몇년째 검토만 하겠다는 앵무새 같은 말만 되풀이 하는 기업임. 매년 수수료를 그렇게나 많이 받아서 어디다 쓰는지 몰라. 앱하나 개발하는데 얼마나 든다고….
metz1173,2021-12-14 06:00:50-07:00,4,0,차트 터치 오류,"과거 차트를 보려고 오른쪽으로 스와이프하면 
화면이 떨리고 넘어가지지않아요"
ㅋㅋ이제첨깔아,2021-12-07 20:08:25-07:00,5,0,메뉴 수정 요청드립니다~!,"제가 정말 수년간 쓰면서 꼭 좀 고쳐졌으면 하는 게 있는데요. 이것 때문에 다른 증권사 앱을 병행해서 쓸 정도에요.

관심종목 메뉴, 자산조회 메뉴에서 정렬방식 선택 시 고정이 되면 편리할 거 같습니다. 수시로 정렬이 제멋대로 바뀌어서 참 불편합니다.

대대적인 메뉴 수정도 아니고 하니 꼭 좀 부탁드립니다. ^^"
iansmood,2021-12-06 10:44:32-07:00,1,0,아이패드 앱좀 만들어주세요,이렇게 요구가 많은데 왜 안만드세요?
m.osmr,2021-12-03 22:24:52-07:00,2,0,종목별 기준석 따로좀 저장해 주세요,"그래프에 다른 종목에 그어놓은 기준선이 모두 표시되어서 도저히 사용하기 어렵네요
뭡니까! 이게!"
마러니,2021-11-30 03:38:27-07:00,1,0,로딩만 계속,계속 로딩만 되고 열리지가 않는데 왜그러는거죠??
어흥님님,2021-11-28 21:59:58-07:00,1,0,정말 거지 같네요,로그인도 안되네
AppRini,2021-11-26 15:03:47-07:00,2,0,차트 날짜 조절 시 세로줄 깜빡임 현상,"아이폰13프로 유저인데 차트 날짜를 크게 혹은 작게 가로 방향으로 (↔️)조절할 때 아래 지표의 막대가 세로줄로 앱 화면에 크게 깜빡이는 현상이 있음
성능 문제를 유발하진 않는데 차트를 줄이고 늘릴때 다소 거슬림"
이거는거의심히,2021-11-24 22:28:46-07:00,1,0,수수료로 먹고사나요?̊̈,"이체도 수수료
뭐도 수수료

신규로 가입해서 좀 이용해보려했더니 ui도 눈에 안들어오고꙼̈
여러모로 최악이라 탈퇴하려하니
주식거래 이용해서 수수료 내서 그돈 뽑아야한다네?̊̈

푼돈 필요없다니깐 오픈뱅킹 요청하고꙼̈ ㅠ

증권앱중에 최악인것같아요 진짜 이제내가 알게되서 쓰게된데에는 이유가 있고 탈퇴를 유일하게 시도한 증권;"
엘리넬리엘,2021-11-22 18:51:57-07:00,1,0,어플실행이 안되요!,아이폰12프로 입니다. 어제 계좌개설해서 어플 다운받았는데 계속 안되고 대기화면에서 멈춰있어요.
mac air M1,2021-11-20 22:15:42-07:00,4,0,Mac Air M1,Mac Air 에서도 가능한가요?! 윈도우만 쓰다가 맥으로 바꿀려고 하는데 가능할까요? 카이로스던 mts던 가능하게만 해주세요~~~~!!!
서태희 님,2021-11-15 20:43:34-07:00,2,0,계좌개설이 안되요,약관 확인하고 동의하는데서 계속 못 넘어가고있는데 왜 이래요?
A Little Prince,2021-11-12 04:13:55-07:00,3,0,관심종목 그룹 생성 등 오류,2021.11.12 갑자기 관심종목 그룹이 없어지고 추가생성  기능도 작동하지 않음. 당황스러움 @@
피뤄팍,2021-11-12 03:55:26-07:00,3,0,관심종목 그룹 다 사라졌어요,국내앱만 없어진 줄 알았더니 해외것도 다 사라졌어요 확인 부탁드립니다
Apsdk,2021-11-09 17:12:59-07:00,3,0,개선,테마/업종/시세분석 탭에서 세부 업종 하위의 종목 확인 후 뒤로가기를 누르면 세부업종 탭이 아니라 전체 업종으로 이동해서 불편해요
리미비니,2021-11-09 03:19:52-07:00,1,0,아이패드지원,요즘  증권사 돈 많이 벌텐데 아이패드 지원같은 기본적인거에 투자 좀 해주세요
나가라남,2021-11-07 17:05:55-07:00,1,0,개발자님 꼭 봐주세요 인스타감성추가됨? 해쉬태그 삭제요청,"예전에 메뉴 검색할 때 없었던 해쉬태그는 왜 만든거에요?

메뉴 밑에있는거 선택하려면 스크롤해야돼서 스트레스네요

인스타처럼 #신용융자 #신용 이런거 해쉬태그 쓸데없는거 삭제해주세요, 

아니면 On/Off 기능을 만들어 주던지...

그리고 모든 사용자들이 컴플레인하는건 On/Off기능을 추가하면 다 될 일 같은데 개발자분의 무능력인가요? 아니면 그런 기능 자체가 없는건가요...?

주린이들에게 추천할 때 무조건 미래에셋대우 추천하는데 이런 단점들이 보완됐으면 좋겠어요,,,,"
ㅗ르르,2021-11-04 19:56:57-07:00,2,0,튕김현상,차트를  축소하면 왜 튕기는거죠
까탈루나,2021-10-21 05:02:27-07:00,1,0,안열리는데요,안열려요; 뭐죠대체...? 매도해야하는데 ㅋㅋ.....뭐예요...?
sheiekd,2021-10-19 22:16:38-07:00,1,0,개좌개설,"개인인증하고 정보를 다 입력하면 확인을 클릭하는 부분이 있어야 개좌 개설을 하죠
개좌개설 확인란이 뜨는 곳 위에 중복으로 실시간 주가는 왜 디스플레이 하나요?
그래서 거기가 덮어져서 확인 부분인지도 알수가 없는거 아닌가요"
모루궁뎅이,2021-10-12 16:48:19-07:00,3,0,제에발 태블리버전좀 만들어주세요,제에발!
벼르리,2021-10-12 11:36:08-07:00,1,0,진짜 어플그지같아서 못쓰겠어요,"차트가 어떻게 코인 어플보다도 못만드는지
앞전 차트 보려고 왼쪽으로 넘기면 자꾸 자동으로 오른쪽으로 화면이 슬라이드 되는건 왜그러는지 아무리 찾아도 기능을 못찾겠고 현차트 화면도 얼마나 작은지 오버레이나 보조지표 넣으면 애들 낙서마냥 콩알 만해져서 보기도 힘들어요 
라인색상선택도 안되고 3D4D 시대에 2D 사용 하는 느낌이에요 제발 차트 업그레이좀 해주세요
다른 증권사나 코인 거래소는 일러스트레이터로 만들었는데 미래에셋증권은 그림판에서 픽셀로만 만든것 같은 느낌이에요 ㅋㅋㅋㅋㅋㅋㅋㅋ 차트보다 눈알 빠질것 같아요 라인도 부자연스럽고 디자인이 너무 구려요 
글씨들은 어찌나 콩알 만한지 30대 인데도 눈이 침침해지네요"
12903'누너너,2021-10-06 17:08:29-07:00,1,0,비추..,"로그인이 너무 느리고, 폰 바꿔서 앱 다시 다운 받았는데 실행이 계속 안돼서 돈 날렸어요^^"
나그네89,2021-10-04 20:39:57-07:00,3,0,이상동작,언제부터인가 관심종목에 나오는 주가가 현재 주가와 연공되지 않고 과거 데이터로만 나옵니다. 버그인데 언제 수정되나요—> 확인되었습니다.맨 위 메뉴중에 ‘외’가 눌러져 있었습니다
많이구림,2021-10-04 06:39:55-07:00,3,0,보유한 주식 종목별 보유 비중 좀 가능하게 해주세요,타사 어플은 현재 본인이 보유하고 있는 종목에 대한 비중이 나오는데 미래에셋은 카이로스에서만 되고 머바일에서는 안되네요. 보유 비중 확인이 안되다니… 일일이 계산하기도 힘들고 미래에셋만 안되는거 같아요. 해당 메뉴 꼭 필요하다고 생각 드는게 제 생각인가요? … 답변 부탁드려요.
ㄸl로ㄹl,2021-09-30 20:43:35-07:00,1,0,회원탈퇴 기능이 왜 없나요,탈퇴 어찌 하나요;;;
오치동92,2021-09-27 01:26:53-07:00,4,0,아이패드용 앱을 만들어주세요,"스마트폰에서 사용하는데 문제는 없으나
아이패드용 앱이 있으면 더 많은 자료를 한번에 볼 수 있고. 글씨 크기도 더 크게 벌 수 있을 것같음
사용자의 편의성의 고려해서 만들어 주세요"
아만쟈,2021-09-23 19:25:54-07:00,1,0,관심종목추가메뉴,갑자기 기능이 추가되었는데 화면 하단에 배치되어 가시성이 좋지않습니다. 해당메뉴는 삭제 했으면 좋겠습니다.
리바토스,2021-09-21 23:13:29-07:00,1,0,아이패드용 없나요,". 태블릿 지원좀 해주세요
스플릿뷰라도 지원해주세요 ㅠㅠㅠ"
Senjoo,2021-09-18 00:02:10-07:00,3,0,My 전략,타 증권사에서 넘어왔는데 My전략 메뉴에서 내전략실에 나오는 종목을 등락률 현재거래량 등 순서로 선택하여 배열할수 있게 업데이트 바랍니다. 지금은 종목명 순서대로만 나오니 정말 불편하네요.
ㄱㄱㄱ ㅗㅗㅗ,2021-09-16 22:56:55-07:00,3,0,바운스 효과 살려주세요,"업데이트 전까지는 관심종목 리스트 스크롤 할때 상단 하단 오면 바운스 효과가 있었던 것 같은 데 어느 순간 사라졌네요. 더구나 최근에는 스크롤도 버벅이는 것 같고 아이폰이 아닌 안드로이드 쓰는 것 같은 느낌이 듭니다.

개선 부탁드립니다."
Bebegogo1,2021-09-16 18:47:33-07:00,1,0,평가손익 실시간변동 해줄때 되지않았나요?,주식잔고-평가손익 화면에서 실시간 변동되게 다른 증권사 어플처럼 서비스할때 된거같은데 끝까지 반영안해주네요. 당연히 있어야될 기능 같은데요
빵조하,2021-09-15 07:52:48-07:00,3,0,패드용 앱 만들어주세요,"핸드폰으로도 보고,패드로도보는데 한화투자증권처럼 패드로 봐도 꽉차게 됐으면 좋겠어요…확대하기 있다고 해도 테두리가 많이 남고 그래서 보다가 폰으로 보게되더라구요..패드에서도 꽉찬 화면으로 크게 보고싶어요ㅜ"
gksrbdyd97,2021-09-14 22:17:40-07:00,3,0,태블릿 지원이 필요합니다,다른데 많이 되던데 미래에셋만 안되네요…
ㅓㅇ너ㅏㅇㄷ,2021-09-14 00:11:25-07:00,5,0,"아이패드용 hts, 가로모드",안녕하세요. 주식앱 잘 사용하고 있습니다. 다름이 아니라 저는 폰과 아이패드로 주식 거래를 하는데 아이패드로 사용할 시 아이패드에 맞게 최적화가 되어있지 않아 불편함이 있습니다. 그리고 폰 사용 시 가로모드가 되지 않아 불편함이 있습니다. 추후에 이런 기능들이 추가 되었으면 하는 마음입니다. 감사합니다!
rdtfh,2021-09-13 06:30:23-07:00,5,0,아이패드 어플좀,테블릿좀 지원해 주세요
eeesoo,2021-09-08 05:20:10-07:00,5,0,태블릿pc용 앱도 만들어주세요.,주식에 대해 사람들의 관심과 참여가 많은 요즘입니다. pc와 휴대폰으로 사용하시는분들 못지않게 태블릿을 이용해 주식거래를 하시는 분들이 많고 점점 더 늘어가고 있어요. 미래에셋이라는 큰 증권기업에서 아직까지 대응 앱을 만들지 않는다는게 조금 아쉽네요. 지금도 잘 사용하고 있지만 전용앱이 나온다면 더 좋을 것 같아요.
나튜차닝,2021-09-06 23:50:19-07:00,3,0,간편인증 (생체/pin),"생체인증이 안되면 pin을 누를수 있어야하는데
계속 생체인증만 요구하네요. (업뎃 이전에는 안그랬는데)
마스크끼고 생체인증 못하는 경우가 있어서 교차되는거 다시 해주셔야할듯.
생체인증말고 pin으로만 인증하겟다고 재설정했음에도
다시 생체인증만 요구하는 상황😇"
zoey듄듄,2021-09-06 23:23:01-07:00,4,0,"차트에 매수,매도시점 및 평단표기 요청","한투, 나무, 키움 등에는 있는 기능인데 대형증권사중에 미래에만 없어요... 차트에 매수 매도 타점 표시 및 매수평단가 표시 요청드립니다... 주계정이 미래에셋이구 부계정이 나무인데.. 이 기능 때문에 주계정 옮길까 고민될 정도예요"
Seehyuneeeee,2021-09-06 21:59:17-07:00,1,0,"계좌번호 5회 틀림, otp설정",계좌비밀번호 5회 틀려서 다시 재설정하라는데 otp깔아야 한다고 하고 otp깔려고 하니깐 계좌비밀번호 넣으라고 하고 뭐 되는게 있어야말이지 그냥 삭제합니다
뭐야이거?대체,2021-09-03 23:09:06-07:00,1,0,직장주소 삭제가 왜 안됩니까?,"계좌개설하려는데 주소입력란에 무조건 직장주소 먼저 띄워놓고 입력하고 보니 자택주소로 할거라 삭제하고 자택주소로 추가하려했더니 왜 삭제가 안됩니까? 무조건 수정 버튼 하나밖에 없고, 처음부터 다시 하려고 해도 이미 입력한 정보가 있다면서 이어하기 버튼만 누르게 되어있고, 이어하면 직장주소 삭제 버튼은 없고 진짜 속 터져서 계좌 개설 안할랍니다."
claraglara,2021-09-03 05:26:32-07:00,2,0,아이패드 가로회전,"아이패드로 앱을 열면 세로화면으로만 볼 수 있고 가로로 화면회전이 안 되서 정말 불편합니다. 키보드를 사용하기도 어렵고..
다른 증권앱이랑 비교해서 장점이 없어서 참 실망스럽네요.

이 어플에 대해서 그동안의 리뷰와 답글을 보면 스마트폰에서 자동회전 설정을 하면 가로회전하는 것까지는 지원해주고 있는 것 같은데. 스마트패드, 아이패드 화면 관련에 대한 질문에도 이런 이야기만 해주고, 아이패드 전용 앱 개발에 대한 생각은 별로 없는 것 같습니다.

요즘같은 스마트시대에 컴퓨터, 폰 뿐만 아니라 패드를 이용하는 사람들도 많은데 이것에 대한 개선이 거의 없었다는 점이 참 아쉽습니다.

담당부서로 전달해서 단순히 건의 요청하는 것 뿐만 아니라 조금 더 강력한 의견을 전달해주시고 편의성을 높이기 위한 방법을 강구해서 개선해주면 더 좋은 증권회사가 될 것이라고 생각합니다."
0770220211,2021-09-02 18:43:04-07:00,1,0,인터페이스 왜이렇게 바뀐건가요...,"아니 무슨 출금 이체하고 주식확인하는데 단계가 더 많아져서 진짜 복잡하고 찾기도 어려워졌어요. 기존 사용자에게 익숙한 인터페이스가 있는데 이걸 이렇게까지 개편하면 얼마나 불편한지 아시나요..? (아니 모르시니까 이렇게 만드셨겠죠...?) 심지어 더 좋아지게 개선했음 몰라.. 이거 대체 누가 기획하고 컨펌한거에요..? 무슨 생각으로 이렇게 바꿨나 모르겠어요. 그리고 계좌번호 입력하는 란에서 자꾸 인풋필드에서 내가 입력한 계좌번호 삭제되는거 아시나요..? 똑같은 계좌번호만 3번 다시 입력해야 하는 경우도 있었어요 어제. 
저 진짜 귀찮아서 왠만하면 리뷰 안남기고 컴플레인도 안거는데.. 이번 개편은 너무 최악이에요..."
러더너낮,2021-09-02 04:35:47-07:00,1,0,차트 시간변경하면 화면이 계속 멈춥니다,차트 분에서 일 주 월 이런식으로 변경하거나 확대 축소할때 어플이 멈춰요..
Whopper5,2021-09-01 20:18:22-07:00,4,0,계좌번호 자동입력 좀 되게 해주세요,"타사 앱들보다 안정적이어서 좋습니다
다만 계좌번호 자동입력이 안되서 불편합니다
삼성증권 mpop이나 키움증권 영웅문은 되는데 
앞 둘보다 훨씬 좋은 앱인 미래에셋이 안된다는건 
말이 안됩니다"
pkgiod,2021-09-01 18:28:53-07:00,1,0,주식어플이 코인어플보다도 못함,복잡하기만 함.
오늘 첨 함...,2021-09-01 17:35:21-07:00,3,0,쓸어 넘기기,"관심종목 화면에서 다음 관심종목으로 쓸어서 넘기기가 잘 되다가 몇일존부터 안되네요.
업데이트 문제인가요?"
snj0,2021-08-31 00:11:56-07:00,5,0,업데이트(3.0.42) 이후 알리미 보관함 오류,"앱 잘 사용하고 있습니다. 
가장 최근 앱 업데이트 이후 알리미보관함에 내용이 없을뿐 아니라 알림 (push notification) 을 눌러도 앱으로 이동 후 해당 내용이 표출 안됩니다. 
확인 수정 요청드립니다. 감사합니다."
음캬캬777,2021-08-30 04:28:29-07:00,4,0,관심종목 메뉴에서 그룹이동 다시 가능하게 해주세요,이번에 앱 업데이트이후 관심종목 메뉴에서 왼쪽이나 오른쪽으로 스와이프해서 그룹화면 이동하는게 안되네요. 다시 가능하게 해주시면 좋을거 같아요.
JS_91,2021-08-29 02:30:12-07:00,1,0,공인인증서 가져오기 안됨,쯧
승82,2021-08-25 17:21:38-07:00,2,0,앱 리뉴얼 변경,오랫동안 앱설치후 보유하고있었만 확실히 가독성도 떨어지고 앱의 메뉴구성자체가 다른 증권사 어플에 비해 효율성이 부족한거같습니다. tiger etf를 관심있는한사람으로써 사용자들의 의견수용과 변화가 긍정적인 반응으로 이어질것같습니다.
daniel.jang,2021-08-24 21:13:03-07:00,2,0,맥북 m1에서도 되게 해주세요,조회도 안되고 맥북에서 쓸 mts가 앖어요
독도맨,2021-08-24 20:49:55-07:00,1,0,실시간 시세 적용안됨,"국내 주식시장은 미래에셋은 버린건지
관심종목 실시간 금액도 안나오고
이러니 영웅문 쓰죠
어플 관리좀 합시다"
장제로,2021-08-24 18:42:39-07:00,2,0,타사에 비해 한눈에 보기어렵습니다,어플이 타사어플에 비해 조잡한기능이많고 한눈이 보기 힘듭니다. 내 주식조회하고 차트보고있으면 튕김현상으로 뒤로 가는경우도 생기고 무엇보다 한눈에 보고 관리하기 어렵습니다. 조금더 보기 쉽게 업데이트되면 좋겠습니다.
미래에셋 리뷰어,2021-08-23 21:16:09-07:00,4,0,지수차트,일반종목차트처럼 크게볼수있게해주세요
pain),2021-08-23 00:17:54-07:00,5,0,패드용 미래에셋을 원합니다,기다려도 오지 않지만 간절히 원해요.
Pqpqpqpqpqpqp,2021-08-19 21:25:16-07:00,5,0,UI디자인 수정이 필요합니다,다 좋은데 아이콘들이 비율이 안맞게 짜부되어있어 자꾸 거슬리고 다은 증권사 어플에 비해 완성도가 떨어져보입니다. 그리고 다크모드도 가능하면 좋겠네요
까취,2021-08-19 07:14:17-07:00,3,0,다크모드 지원 좀 해주세요,요즘 세상에 다크모드 지원 안하는 서비스가 어디있습니까.. 부탁드립니다
하이그린,2021-08-18 17:24:21-07:00,1,0,종목 검색하면 왜 다운되는데?,종목 검색하면 다운이 되네 아이폰 12플러스인데 이게 뭐 게임 어플이야? 대충만들어?
구라옹,2021-08-16 15:29:50-07:00,1,0,어쩌자는 거냐? 개장 시간인데,바리오 간편인증이 뜬금없이 생체정보 안맞다고 안되더니  인증 해지되는데 이거 어쩌자는 거냐? 개장 시간인데
비류c,2021-08-15 04:25:06-07:00,1,0,아이폰 사용자는 너무 불편함,"캘럭시에선 해보지 않았지만 
이벤 한다고 계좌개설하고 깔아봤는데 
반응석도도 너무 느리고 - 설정 바꾸는데 너무 오래걸림 
버튼 눌러도 함참 걸리고.. 
 
글자가 너무 작음 
 
결론은 불편해서 못쓰겠음"
홀리데2,2021-08-14 07:13:44-07:00,3,0,가끔 먹통 ㅠㅠ,"차트 설정할 때나 토론방 가면 가끔 다운되는 현상 나옵니다
그래도 쓰던 놈이 제일 나은 것 같아 쓰긴 합니다만.. 
종목당 비중 볼 수 있게 해주세요 제발요"
파라셀,2021-08-12 19:28:36-07:00,4,0,ios 업그레이드 후 m stock이 다운이 잘 됨,초기 화면으로 되돌아 갑니다.
ㄱㄴㅂㅅㅈㄱㄷㄱㄴㅂ,2021-08-12 18:28:30-07:00,1,0,주식잔고,"어제부터 주식잔고가 왜 계속 안나옵니까.
화가 치밀어오르네요
뒤로가기했을때 계속 첫화면으로 돌아가는건 대체
언제 개선한다는건지
주변에서 다들 키움쓰라는거 믿고왔더만
어플활용도가 떨어지고 너무 불편
업계일등 광고만 하지말고 그에 걸맞는 결과물을
보여주세요"
마귀09,2021-08-09 17:12:18-07:00,1,0,거래원 조회시 앱 다운,"거래원 조회시 앱이 꺼지는 현상 해결해주세요

인간적으로 해보게나 하고 이야기하세요

호가창에서 거래원 매매 조회를 하면 앱 다운되는건 공통 현상인데 해보지도 않고 당사 고객센터로 연락하라는 답변을 합니까"
kim97928304723,2021-08-07 05:42:44-07:00,1,0,공동인증서 갱신 모바일otp인증,"공동인증서 갱신하려고 모바일otp pin번호 인증하려는데
왜 입력하고 확인눌러도 다음 단계로 안넘어가지는건가요??

재접속해도 똑같습니다;;"
나는나 너는,2021-08-04 07:38:24-07:00,1,0,아이패드프로에서,"왜화면이 전체가안되면서 화질이떨어질까요
그리고 설정창에서 제대로 먹히지않습니다
해외지수설정을아무리 고쳐봐도 설정하지않은  지수까지 나오고
순서도엉망이됩니다
그리고 다른안드로이드나 pc에서 패드로 동기화는 안되나요
피씨랑 안드는 됐는데….
일단 전체화면이 되었으면 좋겠습니다
지금은 화면을 늘릴수는 있지만 양옆으로 빈공간이 있으면서
화질저화

빠른 업뎃바랍니다"
진실의등불,2021-08-04 00:19:03-07:00,3,0,치명적인 단점 한가지,주식들 목록에서 하나 들어가서 보고 뒤로가기 누르면 내가 봤던자리 말고 다시 목록 처음부터 보여줍니다. 제발 좀 고쳐주세요.
졸려미친생선,2021-07-30 02:25:29-07:00,1,0,아이패드(애플) 전용으로 좀 만들어줘야,애플에서 사용할 수 있는 프로그램 만들어줘야 화면은 아이패드에서 사용하려고 해도 불편함 화면이회전도 안되고 정말 불편함.
반포히어로,2021-07-29 16:38:26-07:00,5,0,"아이패드, 테블릿pc 용 앱 출시 요청의 건","자기자본, 규모,시스템등  미래에셋증권과 비교할수도 없는 경쟁사들도

이미 테블릿용 앱이 나와 있어 잘 사용하고 있습니다만,

업계 1등, 해외주식 1등 증권사가 태블릿용 MTS 를

아직도 출시하지 않았다는건 미래에셋증권 주주 및 고객으로써

도저히 이해할수 없습니다

빠른 출시 부탁드립니다"
유츠얌,2021-07-28 15:36:14-07:00,1,0,이걸로 거래가 되나요?,"MTS 계속 뭐만 하면 다운인데. 이걸로 도대체 거래가 되는건가요?
종목 검색만 해도 다운, 내 계좌만 보려고 해도 다운, 몇번을 열었다 닫았다 해야 겨우 볼 수 있는데. 이런 MTS처음이라 진짜 너무 답답해 미치겠네요."
티파니도로시,2021-07-27 21:07:51-07:00,3,0,앱이 바탕화면에서 보이지않아요ㅜ,아이폰인데 앱이 바탕화면에서 보이지않아요ㅜ 검색해서 찾아야함
차태훈,2021-07-25 17:54:23-07:00,4,0,애플워치 연동,"애플워치3사용자입니다
앱 연동시 워치리스트와 환율 성정은 어떵ㅎ게 하나요?
미래에셋앱증권 관심종목 워치목록에 추가 해도 연동은 안되더라구요"
주식계좌개설,2021-07-25 17:52:22-07:00,1,0,자꾸 연락처를입력하라는데,"대체어디에입력하라는거죠
며칠째 주식계좌개설하다가 시간만다가네요"
아..흠..ㅋ,2021-07-21 16:50:13-07:00,4,0,"사용하기 편하나, 원하는방식은 아니네요","요즘 아이패드 쓰는사람이 늘고있습니다.
어플로 쓰는 mts 방식은 한계가 있더군요.
어플로 쓰는 hts방식이 생기면 좋을듯합니다."
김알옹,2021-07-21 06:34:49-07:00,1,0,어제부터 앱이 먹통이에요,앱 실행하면 까만 화면만 뜹니다. 뭐죠?
MalcolmLKH,2021-07-19 22:27:27-07:00,5,0,안정성좀요,차트설정이나 볼때 튕김현상이 좀 있어요 안정성 업데이트좀 해주세요
민서짱쏭,2021-07-19 02:36:08-07:00,1,0,실시간,"잔고실시간쫌개선해주세요
아직도안돼는증권사는여기밖에없는거같아요"
xiangxini,2021-07-18 20:34:01-07:00,1,0,맥os도 개발해주세요,"아이폰으로는 아주 잘 활용하고 있습니다!
두달전에는 맥으로도 사용이 잘 됐었는데 최근 한달전부터 계속 다음에 이용하기/ 업데이트하기 문구가 어플 사용할때마다 뜨고 있는데요. 업ㄷㅔ이트하기 누르면 맥os용이 없어져 버려서 
어플을 지우면 다시 못사용할거 같아 그상태로 쓰고는 있으나 맥os용으로도 개발해주세요ㅠㅠ"
Weeii,2021-07-16 05:51:58-07:00,3,0,아이패드용,가로 회전 되게 해주세요
가지각색고추,2021-07-15 19:40:38-07:00,5,0,이평선 설정 들어가면 앱이 종료됩니다,이평선 설정만 들어가면 앱이 멈추고 꺼저서 설정 못 바꾸고 있습니다
ㅇㅅㅌㅇ,2021-07-13 02:17:03-07:00,1,0,안켜져요,들어가고 싶을 때 십중팔구 안켜져요 계속 첫 화면에서 로딩만 됨;; 개선해주세요.
뒤응,2021-07-08 01:59:02-07:00,1,0,어플 들어가지지 않아요,몇일째 접속실패가 계속 떠요
Slleka,2021-07-07 21:42:53-07:00,3,0,아이패드 호환,"속도도 문제이지만, 아이패드 사이즈 및 성능에 맞게 어플 좀 개발해주세요."
cosmicas,2021-07-06 16:46:42-07:00,1,0,왜 항상 앱이 안들어가지는 거에요??ㅠㅠ,"SKB(119) 응답시간 초과(0)
KT(5) 응답시간 초과 

이딴게 다 머에여 대체ㅋㅋㅋㅋㅋㅋㅋ ㅠㅠ"
장장,2021-06-30 20:51:26-07:00,1,0,실시간 업데이트,"1) 계좌 잔고 현황이 실시간 업데이트 안됨. 리플레시 눌러야 반영되는 어이없는 구조

2) my home ui 불편
  - 해외 선물시장을 자주 보는데 매번 여러번 눌러 들어가야 함
  - 외국인 기관 매수/매도 상위 종목은 어디서 보는지도 모르겠음

타사 mts 에서 갈아탔는데 다시 돌아가야 할 것 같음"
20022020musician,2021-06-29 01:10:36-07:00,2,0,계속 튕겨요,들어가서 차트를 보는데 곧바로 어플이 종료돼서 똑같은 짓을 세번 했는데 세번 다 튕기네요
-o3-,2021-06-28 16:26:12-07:00,3,0,오류,차트 축소 시 어플 종료됨
호준이아빠!!,2021-06-28 15:14:18-07:00,4,0,아이패드용 어플 만들어주세요,잘쓰고 있습니다. 테블릿 전용 어플 만들어주세요~~~
많이함,2021-06-27 23:09:03-07:00,1,0,업데이트 이후 오류납니다,주식현재가 탭에서 차트를 확대하고 축소하면 앱이 그냥 꺼지는 오류가 있네요. 개선 요청드립니다.
바각박,2021-06-27 22:50:20-07:00,1,0,이번이 두번째 남깁니다.,아이폰 12pro 사용중입니다. 가로모드에서 차트 볼 때 최근 종목 리스트에 가려서 차트- 도구 사용을 못합니다. 저만 그런게 아니라 다른 사용자들도 리뷰를 남기는데 왜 개선이 안되나요? 부탁드립니다.
잇츄7,2021-06-27 20:08:07-07:00,4,0,아이폰12 쓰고있습니다,"갑자기 튕김 현상이 자꾸 발생합니다
왜 그런겁니까
지우고 새로 깔고 3번째입니다"
Hejhdejej,2021-06-27 19:27:35-07:00,2,0,차트 확대 앱튕김,"아이폰12쓰는데 차트 확대하거나 축소하면 앱이 튕겨요
앱간 충돌현상인줄 알았는데 미래에셋 어플 하나만 구동시켜놔도 튕기네요?
차트를 보란건지 말란건지 안정화좀 해주세요"
wlaks98,2021-06-27 19:17:13-07:00,1,0,어플실행 후 현재가 차트 축소확대시 앱튕김 현상,"어플 실행 후 현재가>차트 > 축소,확대시 앱튕김현상있습니다. 연속 8번튕겼는데 이건 빨리 조치를 해주셔야죠. 내돈들어가있는건데 이딴식으러 할거에요?"
같이가여보,2021-06-27 11:30:22-07:00,5,0,아이패드용 앱도 만들어 주세요,키움이나 신한은 있던데 미래도 좀 만들어 주세욧
jin_01,2021-06-26 21:41:22-07:00,3,0,최근에 자꾸 꺼져요,"차트 키웠다줄였다만 하면 계속 꺼집니다
원래 안그랬는데 최근에 자꾸 그러네요"
energyfromcosmos,2021-06-26 18:31:59-07:00,3,0,차트를 열면 자꾸 꺼집니다,차트를 열어서 확인하려고 확대를 하면 바로 꺼지는 상태가 계속됩니다~ 나머지는 잘쓰고 있어요
SPRiA,2021-06-26 04:26:50-07:00,5,0,잘 쓰고 있습니다.,"다만, 눈도 침침해서 넓은 화면에서 사용하려고 아이패드를 구입했습니다만 휴대폰 UI 그대로 정식 지원이 아니네요..
요즘 시대에 당연히 기종 구분 없이 유니버셜 어플로 패드 지원을 할거라 생각했습니다만..
미래에셋이 핀테크니 뭐니 최신기술을 빠르게 포용하는 기업으로 생각했는데 실망이 크네요.
어플 유지 관리 고생 많으십니다. 수고하세요."
보가치루,2021-06-25 17:29:55-07:00,1,0,초보가 하기에는,"아이폰만 그런건지 모르겠으나 너무 복잡합니다. 
토스나 다른곳은 초보라도 금방 알겠던데 
워.여긴 돈 다빼고 지우고 싶어요"
Wingman483,2021-06-25 00:39:49-07:00,5,0,일봉 축소하면 팅긴다.,제곧내. 수정바람
jameshoho,2021-06-24 01:22:47-07:00,2,0,아이패드 전용앱도 개발 부탁드립니다,요청자가 많은것 같은데 개발을 고려하고 있지 않다니….. 아이패드 전용 앱도 개발부탁드려요.
별림이하루,2021-06-24 01:15:06-07:00,1,0,불편,정보보는거불편 다시원점이고 섹터볼때뒤로가면 다시섹터맨위로가있고 슬슬그분이 올라오기 시작함 그리고 차트는 볼때마다 계속 튕겨서 앱이 나가짐 후회중
Jularz,2021-06-21 17:40:00-07:00,4,0,주식잔고화면 버그 리포트,"특정 종목이 대여로 출고된 경우, 주식잔고 화면에서 매수버튼 비활성화되어 매수화면으로 전환 불가능

주식 주문 화면으로 바로 들어가서 해당 종목 검색하면 매수 가능함"
derugu,2021-06-17 07:26:51-07:00,3,0,아이폰11 차트 관련 개선사항,아이폰11에서 차트 가로 보기하면 ‘도구’ 아이콘이 잘려서 사용할 수 없습니다. 몇년째 불편하데 사용하다 이제야 건의합니다. 제발 개선 부탁드립니다.
백조여인,2021-06-15 07:24:39-07:00,4,0,테블릿용으로는 안만들었나요?,차트를 테블릿에서 가로로 돌려서 넓게 보고싶은데 안되나요? 방법 알려주세요 _
전역이답이다,2021-06-11 22:19:19-07:00,3,0,원래 화면 회전이 안되나요?,차트 말고는 화면이 돌아가질 않아서 불편해요
Go‼ V3!,2021-06-11 06:06:03-07:00,2,0,주식잔고 탭 정렬 좀 어떻게 안 됩니까?,"이름 오름내림차순이나, 수익률 오름내림차순 등 본인이 원하는대로 설정하는대로 정렬해서 볼 수있게는 안 됩니까?
손익률순으로 볼수는 있는데 현재가 현재가 보고 오면 다시 엉망진창 되어있고, 
장렬 기준이 뭡니까? 
주식 매수 순서도 아니고, 매입금액 높은순서도 아니고.. 
대체 이 순서는 뭘로 정합니까?
제발 정렬할 수 있게 해주세요
아니면 손익률 순서로 세팅하면, 다른탭 보고 되돌아 왔을 때 세팅한 설정 유지시켜 주시던가"
ccine,2021-06-11 05:30:36-07:00,3,0,차트 설정 버튼을 누르면 앱이 꺼져버림,수고하십니다. 차트 창에서. 우측 위에 기어모양의 설정버튼을 누르면 앱이 아예 꺼져버리는 현상이 생깁니다. 조치부탁드립니다.
아이폰 차별,2021-06-11 02:36:52-07:00,3,0,개별 종목 차트화면에서 메모 보기 기능 추가,"해당 종목에 해 놓은 메모를 보려면 너무 복잡하네요 보유종목 현재가-그룹선택-종목선택 해야 겨우 메모를 볼 수 있음
아무 메뉴에서 건 종목 차트를 눌러서 볼때 이 종목이 어떤 종목인지 메모해둔 내용을 볼 수 있도록 해주셔요"
Jun Shin12,2021-06-05 06:32:12-07:00,5,0,이체,이체 무척 편리합니다
Jang Yejun,2021-06-05 06:32:09-07:00,5,0,뉴스 굿,보유 종목 수익율을 보고서나 뉴스로 받아서 큰 도움이 됩니다
Han Hayun,2021-06-05 06:32:08-07:00,5,0,이체,이체 무척 편리합니다
뿌링클111,2021-06-04 00:48:13-07:00,2,0,메뉴 바뀐거같아요,"전엔 주식주문이랑 잔고가 하단에 고정되어있어서 편했는데 갑자기 없어졌어요ㅜ 잔고 확인 할때마다 왼쪽 메뉴에서 찾아서 들어가야해요 
이거 다시 어떻게 바꾸나요"
lotv_54,2021-06-02 18:53:51-07:00,2,0,자주 튕겨요,차트 보고 있는 중에 갑자기 앱이 종료되는 현상이 한두 번이 아닙니다. '순간'이 중요하게 여겨져야 하는 앱인만큼 오류 개선 좀 해주세요.
브로브로678,2021-06-01 21:32:53-07:00,1,0,그만 좀 해라!!!,"업데이트 할때마다 느려지냐!!!!
걍 사고 팔고 하는 간단 모드 출시하라

이러다 토스한테 시장 넘겨 준다.. 봐라!!"
보물상자,2021-05-31 19:11:52-07:00,3,1,폰트글씨를 크게 만들어주세요,다른건 모르겠고 나이가 들어 눈이 나쁜 엄마가 주식하시는데 아이폰 프로12로 새로 바꿨는데 글씨가 너무 작다고 불만 한가득이네요. 나이가 든 사람은 못하겠다며. 아이폰 내에서 폰트설정을 크게 해놔도 미래에셋증권앱 자체내 테마를 바꿔 보아도 글씨만 굵어지지 커지진 않네요. 가독성이 나이드신 분들한텐 안좋을것 같으니 다음 업데이트 때엔 꼭 반영 부탁드려요.
sneuucdns,2021-05-28 18:34:26-07:00,1,0,정말 쓰레기같은 편의성,"뭘 하나 하면 한번에 되는 법이 없음 
모바일 오티피 발급 받으려고 몇번이나 시도했는데 오늘은 신분증 확인 기관 오류라고 뜨질 않나 개같이 불편해서 빨리 털고 가고 싶은데 그것도 맘대로 못함 ㅉ"
수다맨손자,2021-05-27 23:52:46-07:00,1,0,신분증 인식률 쓰레기,"다른 어플 대비 신분증 인식하는 ai 폐급임
아이폰12프로 5월 6일날 발급한 주민등록증으로
인식하는데 10분걸림 그마저도 이름이랑 주민번호 다 틀리게 인식
그냥 손으로 치게 하세요 딴데처럼 못할거면"
Kisoo B,2021-05-25 20:16:50-07:00,5,0,좋아요,계속 사용하다보니 이젠 다른 앱 못쓰겠네요! 미래에셋 최고에요
Seohyeon Jongsoo,2021-05-25 20:16:50-07:00,5,0,잘 사용하고 있어요,편리해요~ 디자인 심플하고.. 메뉴 구성은 쫌 불만
Youngwhan Sungjin,2021-05-25 20:16:48-07:00,5,0,좋아요,주식 처음 접하는 사람들에게 유용한 앱이에요
웬만하면얀다는데,2021-05-25 19:24:31-07:00,1,0,iOS 14.6으로 업데이트하고 나서 핀번호 로그인이 안됩니다.,"홈키버튼 고장이 난 이후로 자동으로 핀번호 로그인 화면이 떴었는데, 운영체제 업데이트 이후에 생체인식이 실패했다는 화면만 뜨고 핀번호 화면이 뜨지 않아 불편함을 느낍니다."
Yun Leina,2021-05-25 08:03:46-07:00,5,0,문제 없이 사용하고 있네요,문제 없이 사용하고 있네요
재현 황,2021-05-25 08:03:44-07:00,5,0,편리해요,여러가지 다양한 정보 훌륭합니다
Seunghyun Subin,2021-05-25 07:35:59-07:00,5,0,관심종목,"관심종목이 젤 중요한데, 나름 잘 쓰고 있어요"
Qjeon Sunghyun,2021-05-25 07:35:58-07:00,5,0,사용 편해요,평소에 잘 사용하고 있습니다. 감사합니다
Mhwang Kimm,2021-05-25 07:35:57-07:00,5,0,좋아요,잘 사용하고 있어요
헤선 도33,2021-05-25 07:35:56-07:00,5,0,디자인 좋아요,유저 인터페이스나 디자인적 요소가 보기 좋고 기능도 다양하네요
Seo Seon,2021-05-25 07:35:56-07:00,5,0,매매에 도움,주식에 대한 다양한 정보를 제공해주니 매매하는 판단 기준이 되네요
하은 지,2021-05-25 07:00:00-07:00,5,0,잘 되요,주식하고 선물 거래 자주하는데 문제 없이 사용하고 있어요
영진 최 90,2021-05-25 06:59:48-07:00,5,0,굿,앱 계속 발전했으면 합니다
Boram Kwon,2021-05-25 06:59:47-07:00,5,0,개선해주세요,화면 비율 여러 디바이스에서도 잘 볼 수 있게 신경 써주세요
Ryankim Jonghun,2021-05-25 06:59:46-07:00,5,0,편리하네요,v
수민 유 88,2021-05-25 06:59:45-07:00,5,0,좋아요,여러 금융상품 조회할 수 있어서 좋습니다
Baek Jongsoo,2021-05-25 06:59:43-07:00,5,0,대박 벌자,미래에셋! 너만 믿는다~ 못 벌면 다 니탓이다
누리 제,2021-05-25 04:34:34-07:00,5,0,주식,열심히 사용할테니 제발 주식 좀 오르게 해주삼!
Cheon Lim,2021-05-25 04:34:28-07:00,5,0,굿이네요,메뉴나 화면 구성은 한눈에 보기 쉽게 되어있습니다. 자주 사용해 봐야겠어요
Yun Minha,2021-05-25 04:34:27-07:00,5,0,대기시간 길어요,고객센터에 전화해보니 친절하더군요. 대기 시간 좀 줄었으면 합니다.
Wonhee Naeun,2021-05-25 04:34:25-07:00,5,0,현황 표시,현황표시가 좀 더 빨리 뜨면 좋겠습니다.
강은 박12,2021-05-25 04:28:12-07:00,5,0,시세 설정,종목별 시세 어떻게 설정하는지 잘 모르겠습니다. 다른 건 큰 불만 없습니다.
Bomin Seungho,2021-05-25 04:28:08-07:00,4,0,평점 이상해,평점 보니 어디 주식 사라는 말은 하나도 없네
Shin Mira,2021-05-25 04:28:07-07:00,5,0,지문 인식,요즘 어플은 지문 같은 생체정보 입력하는 시스템이 많더군요.
Yejun Wonhee,2021-05-25 04:28:06-07:00,5,0,이체 편해,100만원 안되는 금액 이체할 경우 간단하게 보낼 수 있어서 편리했습니다.
경은 탁,2021-05-25 04:28:03-07:00,5,0,주식 대박,딱 이 주식만 사라고 보장해 주는 게 있으면 좋겠습니다. 없겠죠?
Jisuk Yunkyoung,2021-05-25 04:28:00-07:00,5,0,유용해요,MY홈 화면으로 맞춤 화면 만드는 건 유용하게 잘 쓰고 있습니다.
Jina Seunghyun,2021-05-25 04:27:58-07:00,5,0,좋아요,주식 어플은 매매만 잘되면 아무 문제가 없습니다.
kdndokk,2021-05-24 04:36:33-07:00,5,0,차트,차트에 일목균형표를 적용하면 스크롤이 버벅거리면서 안됩니다!!
모노비,2021-05-24 03:49:30-07:00,1,0,종목 등락 퍼센트 하나도 안맞음.,뭔가요. 실시간 반영이 하나도 안됨
왜그러는지,2021-05-20 21:41:33-07:00,1,0,이렇게 만들꺼면 그냥 없애요,문자인증요청 안와서 고객센터 연락하면 받지도 않고 카톡으로 문의해도 모든 상담사가 상담진행 중이고 일을 하고 있는건지 어플을 그지같이 만들어놔서 안해도 될 일들을 하고 있는건지 다른 증권사로 옮기는게 빠를듯요 비추합니다
지발해결좀해,2021-05-19 23:07:26-07:00,4,0,다 만족하지만 한가지 아쉬운게,"요즘 튕김현상이 좀 많은 듯 합니다
요것만 개선해주면 좋을 것 같습니다!"
준혁 전,2021-05-19 21:19:30-07:00,4,0,인증 오류 나요,가입 시 인증하는게 어려워요
Youn Yujung121,2021-05-19 20:36:16-07:00,5,0,좋아요,일단 편리하네요
반희 추,2021-05-19 20:32:24-07:00,5,0,지문 로그인,지문 로그인 해놓으니까 인증서 필요없고 접속할수 있네요
Jo Seoyoung21,2021-05-19 20:32:22-07:00,5,0,거래이체,100만원 이하 이체 거래는 진짜 간단하네요~ 기존에 보냈던 내역 누르면 편하게
명호 여,2021-05-19 20:32:20-07:00,5,0,종목별 시세,종목별로 시세를 받을 수 있다니…아주 칭찬하고 싶습니다
Yoon Jang,2021-05-19 20:32:19-07:00,5,0,맞춤화면,맞춤 화면 개인이 원하는데로 구성할 수 있네요
Yun Song121,2021-05-19 20:32:18-07:00,5,0,채권거래,채권도 거래가 가능하네요
선정 길,2021-05-19 20:32:16-07:00,5,0,좋네요,잘 쓰고 있어요~
Gwon 121,2021-05-19 20:00:44-07:00,5,0,시세 조회,스마트워치 쓰고 있는데 여기서도 시세 조회가 되네요! 신기해
Chang Baek,2021-05-19 20:00:40-07:00,5,0,감사해요,잘 만들어주셔서 감사해요
Gwon Song,2021-05-19 20:00:38-07:00,5,0,좋아요,사용하기 편리하고 주식하는데 일등 도우미!!
동윤 신12,2021-05-19 01:53:57-07:00,5,0,이체 편리,보안 매체 없이도 이체가 가능하네요
재혁 하,2021-05-19 01:25:16-07:00,5,0,지문 인증,지문만으로 로그인하니 편리한 세상이네요
Sunggon Go,2021-05-19 01:25:14-07:00,5,0,ETF 거래,ETF 거래도 가능하니 참 편리하네요
우진 모12,2021-05-19 01:25:12-07:00,5,0,좋아요,차트 화면 잘 보이네요
현정 장21,2021-05-19 01:25:11-07:00,4,0,정렬 기능,관심종목 정렬 기능이 되나요?
Ehdeoansj Jung,2021-05-19 01:25:11-07:00,5,0,굿~미래에셋,주식 매매하기 편리합니다.
Koo Sangsoo,2021-05-19 01:25:09-07:00,5,0,죠아,사용하기 쉽고 편리합니다
Yunseo Seoyun,2021-05-19 01:25:06-07:00,5,0,디자인 good~,타사 앱보다 기능도 많고 디자인도 예쁘고 자주 사용할게요
Jeon Junghwa,2021-05-19 01:25:02-07:00,5,0,디자인 깔끔해요,디자인도 깔끔하고 메뉴들 보기 좋네요
Namho Shim,2021-05-19 01:17:34-07:00,5,0,좋다,편리하게 사용하고 있습니다
Chang No 32,2021-05-19 00:53:13-07:00,5,0,잘 사용,잘 사용하고 있어요
Oh Hyesun,2021-05-18 20:30:48-07:00,5,0,좋아요 굿~,좋아요 굿~
Doyoon Song,2021-05-18 20:30:46-07:00,3,0,화면조정,화면을 조금 어둡게 할 수 있나요?
Chang Koa,2021-05-18 02:05:00-07:00,5,0,수수료 혜택,수수료 혜택도 많아서 사용하는데 만족합니다
Lee Yewon,2021-05-18 01:36:20-07:00,5,0,관심 종목,관심 종목이 실시간 반영되면 더 좋겠네요
구범 길,2021-05-18 01:36:10-07:00,5,0,좋아요,감사합니다
Jo Sangsoo,2021-05-18 01:35:49-07:00,5,0,복잡하지 않아요,복잡하지 않고 간편하게 이용할 수 있어요
Oh Yua,2021-05-18 01:34:13-07:00,5,0,수수료저렴,주식 거래하는데 수수료도 저렴해서 계속 사용하고 있어요
Jun Youngcheol,2021-05-18 01:33:43-07:00,5,0,정보 요약,정보 요약이 잘 정리되어 있어 도움이 되고 있어요
Jeon Chung,2021-05-18 01:33:34-07:00,5,0,잘쓰고있어요,주식 거래하는데 잘 쓰고 있습니다
윤서 방,2021-05-18 01:33:21-07:00,5,0,관심종목,관심 종목 조회 기능 보는 것 편하게 되어 있어요
zsggheqfvnh,2021-05-18 00:11:27-07:00,1,0,불편,"정말 많이불편함
이해 불가
타사에 비해 불편 그자체"
만타렝,2021-05-17 17:15:09-07:00,1,0,자꾸 강제종료되요,몇번을 다시 로그인하게 됨 짜증나요 쓸수가 없음. 특히 최근 상장한 종목 클릭하면 무조건 종료. 테스트 좀 하고 릴리즈해요
waterman do,2021-05-15 22:25:02-07:00,4,0,아이패드 전용 앱 출시 요청,아이패드 전용 앱 출시 요청
또너양,2021-05-13 00:28:26-07:00,3,0,번호인증이 안됩니다,통신사오류라고 떠요
깡총이딸아빠,2021-05-13 00:06:26-07:00,1,0,앱 로딩 속도가 왜이럼????,"수정 좀 하세요 ㅡㅡ
해외꺼는 안그런데
아씨 진짜 안들어가져서 다 놓쳤다"
치맥가이,2021-05-12 20:58:05-07:00,1,0,왜 계좌송금이 안돼요?,"오티피 눌르래서 누르고 확인눌렀는데
뭐 안되면 메세지라도 띄우던지
창만 초기화되고 잔액은 그대로고.. 뭐하자는겁니까?"
권리는 지켜주세요,2021-05-12 20:29:52-07:00,1,0,투표할 권리는 지켜주세요,"투표할 권리는 주주로서 마땅히 행사할수 있는 권리 입니다. 
5월 7일 약 11시 다른 지인에게 온 의결권 행사 안내 문자는 똑같은 주주인 저에게 오지 않았고, 고객센터는 항상 최소 40분기다려야지 사람하고 연결이 됩니다. (심지어 1588번호) 

의결권 행사하고 싶다고 말씀 드리니까 다시 전화를 준다하고 지인은 1시간 내로 받은 전화 저는 지금 24시간 넘게 못받고 있습니다. 심지어 카톡 상담사도 연결 안됩니다. 참고로 전 주식 대여 서비스도 신청 안되있습니다. 

방법을 알아보니 결국 그냥 이메일로 서류를 제출하는건데 웹사에트에 공지로 띄울수있는걸 미래에셋 측에선 실질적으로 투표를 불가능하게 만들고 있습니다

1. 문자도 안주시고 (미래에셋으로 투표 하는 방법과 기간을 제가 직접 물어봐가면서 알아냈습니다. 말이 됩니까?) 
2. 전화도 안받으시고 (고객센터 전화하면 항상 40분 이상 기다려야합니다)
3. 준다는 전화도 안주시고 (남이 1시간내로 받은 전화 24시간째 못받고있습니다)
4. 카톡도 연결 안됩니다.

장난합니까 지금? 투표 한번 하는게 이렇게 번거로울 필요가 있나요?"
띨민,2021-05-12 19:33:42-07:00,5,0,태블릿용,아이패드에도 맞게 만들어주시면 안될까요?
별명때문에리뷰10만번째반복중,2021-05-12 15:16:31-07:00,1,0,어플 실행 할 때마다 업데이트 하란 메시지 정말 짜증나서 증권사 옮겨야 할 듯,개짜증
Chungbok Lee,2021-05-10 19:37:48-07:00,1,0,아 앱 진짜 느리고 구려요,놓치면 안될 시스템 피드백 알림은 왜 도대체 나왔다 사라지는데… 모달로 그냥 띄워놓게 하지 ㅠㅠ
ㅎㅎㅎㅎ호잇,2021-05-10 18:28:04-07:00,1,0,어플 너무 불편해요,다른 주식 어플들도 다 쓰는데 비교해봤을 때 제일 불편해요.
갱이지용,2021-05-10 17:32:15-07:00,1,0,"관심그룹,최근종목이 다 0으로떠요",로그아웃해도이러는데 어플지우고 다시깔아도 문제없나요?
우ㅡㅁ하핳,2021-05-10 17:05:31-07:00,3,0,정정주문,"정정 취소주문이 안되요ㅠㅠㅠㅠㅠㅠ
안드로이드는 잘되었는데"
heratoss,2021-05-10 15:38:28-07:00,1,0,업데이트 최악,"얼마나 개판이면 매번 업데이트. 짱남 
좀모아서 업데이트해라"
경굥굥굥,2021-05-10 15:24:24-07:00,4,0,다 좋은데,"추세선이나 기준선 그리는게 차트마다 적용이 안되요 ㅠㅠ
추세선 그리는 것도 너무 불편하구요 다른거는 다 차트마다 저장되는데 ㅠㅠ 그게너무불편해요"
jadu***,2021-05-09 21:58:58-07:00,1,0,계속로그인안되고 환쟝,"왜이러나요~저만그런건지
계속 뱅글뱅글돌기만하고
죽긋네요
빨리 타사로옮겨야하는데
암튼비추"
개미...,2021-05-09 21:28:39-07:00,1,0,뭣같다증말,업데이트를 해도 접속 장애도 자주 되고 오늘은 특히 종목알리미->현재가 알림 작성하는데 계속 먹통으로 금액 기록도 안되고 증말 이럴거니. 에휴 답 없다. 고객이 이동하는수밖에.
이혜미0120,2021-05-09 03:39:27-07:00,2,0,아나,뭘 맨날 업뎃하래짜증나게ㅡㅡ
율이깰라,2021-05-07 08:23:23-07:00,5,0,아이패드용,아이폰에서 잘쓰고 있습니다. 하지만 아이패드 전용앱은 없나요? 아이폰용하고 레이아웃이 똑같네요…
종목 많은 사용자,2021-05-07 03:34:44-07:00,3,0,주식 잔고 화면,주식 잔고 화면에서 소팅 선택한 대로 다른 화면을 갔다오거나 재로그인 하더라도 남아있었으면 좋겠습니다.
쑤쑤우우우우우우우,2021-05-06 21:20:10-07:00,2,0,이체가 안되요.,"OTP 번호 입력 이후부터 진행이 안됩니다.
 이체 가능하게 조치 부탁드립니다."
쭈유우우웅,2021-05-06 17:04:22-07:00,3,0,계좌등록,온라인 미약정 계좌라고 나오는데 해결방법을 못찾겠네요..
hollywiz,2021-05-05 18:46:56-07:00,1,0,관심종목창에서 각 종목의 현재가가 반영되지 않습니다.,"관심종목창에서 각 종목의 현재가가 반영되지 않습니다.
빨리 수정 해 주세요."
gongjusubang,2021-05-04 03:57:10-07:00,1,0,증권사 어플들 중 가장 최악의 어플,여러 증권사 어플 쓰고 있지만 otp발급부터 시작해서 모든게 최악이네요
제발써져라,2021-05-04 00:18:49-07:00,1,0,진짜 이런 똥같은어플을 봣나,비밀번호 설정하라고 해서 설정했더니 지멋대로 오류나서 5회락 걸렸네요 진짜 어플 상당히 맘에 안듬 종로 고객지원센터? 거기도 여직원들 그렇게 일하시면 돈을 받을순있는걸까요? 너무 어이가없고 어플 사용하지말아야겠습니다  저같은 피해자분들이 또생기면 안되니 꼭 참고하세요
ㅁㅇㅁㄴㅁ,2021-05-02 23:43:10-07:00,1,0,개같은,역대 최악의 증권앱 그냥 회사 운영하지마세요 쓰레기같으니까 ㅈ같이 만들어놨네
iikkkjkkkk,2021-04-30 16:21:40-07:00,4,0,예약 매수매도는 정정 및 취소가 안되나요?,예약 매수 혹은 매도는 정정 및 취소가 안되나요?
상큐몽,2021-04-30 00:56:01-07:00,1,0,개인 배당 물량 줄이는 배부른,5/3 어플삭제
리얼 ㅋㅋㅋ,2021-04-30 00:14:56-07:00,1,0,업데이트,오류 ㅈ나나고 진짜 가지가지한다 ㅋㅋ
하야추니,2021-04-28 22:37:37-07:00,1,0,운영을 이딴식으로 하네,개같은 것들이 고객센터 전화했더니 무슨 문의량이 많아서 잠시후 다시 걸어달라는 ARS와 함께 끊어지네ㅋㅋㅋㅋㅋ 잠시후에하면 뭐 문의가 없냐? 채팅 상담 눌러도 문의량이 많아서 채팅상담 불가하다고 나오면서 무슨 운영을 이딴식으로 해 거긴 직원도 안뽑냐? 이딴식으로할거면 고객센터를 왜 만듦? 진짜 운영 ㅈ같이하네
나옹님s,2021-04-28 21:51:48-07:00,1,0,별 하나도 아까움,주식으로 돈 날리고 싶으면 이 어플쓰세요 로그인부터 이체 채우기 공모주 otp발급까지 제대로 되는게 하나도 없음 금융어플을 이따위로 만들어서 손해보게 만들고 보상도 없고 두 번 다신 안씁니다.
Nam Sangho,2021-04-28 07:58:04-07:00,5,0,별점 후하게 쏩니다,별점 후하게 쏩니다 ㅋ 대박나게 해주세요
여진 금,2021-04-28 07:57:57-07:00,5,0,게임하고 금방 실행시키면,게임 하다가 끄고 금방 실행시키면 배터리가 뜨거워서 그런지 로딩이 길어요 ㅠ 폰이 구려서 그런가
Go Changyoung,2021-04-28 07:33:09-07:00,5,0,고수추천 필요,미래에셋 맘에 들어서 잘쓰고 있는데 고수들의 종목추천 같은거 준비되면 좋겠네요
크케크,2021-04-27 06:24:29-07:00,1,0,븅신같은 신분증 인식으로 인증시키지마라,"야이 븅신들아
신분증 인식을 니미 똥대로 해놓고
몇번 반복 시키는거냐
제대로 쳐 만들고 시키던가
개 븅신들같네"
하핳ㅋㅋㅋ,2021-04-26 22:44:32-07:00,1,0,신분증 인식 그냥 안됨,개발자들이 발로 만들었나
비비부부바바,2021-04-26 16:53:30-07:00,1,0,앱좀 똑바로..,"폰 바꾸고 생체인증 다시 했더니 
갑자기 생체인증 다 풀리고 다시 등록하라함
등록하는 중에 계좌비번 입력하는데 계속 틀렸다해서 
5회실패러 아무것도 안됨
매일 입력하고 수익률 확인하던 비번인데 
내가 틀렸을리 있냐구요ㅠㅜ
지점 갈때까지 내돈 묶여서 암것도 못하고안그래도 개설할따 모바일 otp안해서 그뒤로 계속 개설 안되고 출금도 카뱅으로 하고 있구먼 
이따위로 만들지 마세요
지점갈때까지 제돈 마이너스 나면 보상합니까
너무 열받네요 그동안 진짜 참다 폭발
지점 갔다오면 다 출금할거임"
ㅏ탸ㅏㅐ,2021-04-26 08:02:54-07:00,1,0,계좌개설,민증 인식을 할 생각을 인하네요 다른 어플들은 똑같이 찍어서 한번에 통과했는데 안되면 안된다는 표시라도 나오던지 해야지 끝없이 로딩만 하몀 뭐 어쩌라는거;
프로지적러,2021-04-26 02:01:34-07:00,1,0,모바일 OTP,아니 도대체 이거는 왜 안되는건지 이해가 안되네요 계좌 개설한지가 한달이 넘었는데 왜 안넘어가지나요 어플좀 업데이트좀 합시다..
아우라~,2021-04-25 22:11:11-07:00,1,0,봉개수 설정 이거 왜 자꾸 초기화되죠?,업데이트하고 나서 자꾸 이렇네요. 다른 메뉴 눌렀다가 차트 누르면 봉개수 설정해놓은게 다시 초기화되네요
good@@!!,2021-04-25 21:35:09-07:00,3,0,종합차트볼때,"어느정도 확대한상태로 종합차트볼때 좌우로 스크롤하는게 잘 안되던데 저만그런가요?
현재가에서 차트들어가면 이동 잘 되는데 하단에있는 종합차트에서는 스크롤이 잘 안되네요ㅠㅠ"
Yu Nam 342,2021-04-24 00:53:16-07:00,5,0,기본화면 변경 기능,기본화면에서 지수 시세 환율 같은 순서 바꿀 수 잇어요
정웅 최,2021-04-24 00:53:08-07:00,5,0,여러 앱 중 괜찮음,주식 어플 여러 개 써봤는데 최고는 아니지만 그래도 제일 낫네요
Baek Youngha,2021-04-24 00:52:38-07:00,5,0,기능 추가 요청,주식 어플 여러 개 써봤는데 최고는 아니지만 그래도 제일 낫네요
나리 추,2021-04-24 00:52:22-07:00,5,0,남들은 다 오르는데,남들은 다 오르는데 난 왜 떨어지지 ㅠㅠ
Suh Banhee,2021-04-24 00:51:49-07:00,5,0,기능이 많네요,정말 다양한 기능이 많이 지원돼서 좋아요
Min Hong 32,2021-04-24 00:51:11-07:00,5,0,업종 차트 비교,업종 차트 비교해보셨나요? 이렇게 매매하는 게 편리해요
Nam No 34,2021-04-24 00:50:51-07:00,5,0,관심종목 확인 기능,전 관심종목 확인 기능을 많이 쓰는데 그게 잘 되어 있어요
helloevery1nice,2021-04-23 03:40:00-07:00,3,0,뒤로가기 제스처 좀 적용해 주세요,"my홈에서 종목뉴스와 주요뉴스 잘 사용하고 있습니다. 그런데 기사를 보고 뉴스 목록으로 돌아갈 때마다 상단 화살표를 눌러야해서 너무 불편하네요. 애플의 기본 제스처인데 기사글 같은 곳은 적용 됐으면 좋겠습니다.

+ ios14.5 지수종합형 지수타일형 모두 종목 편집이 안되네요..."
wbdjakz,2021-04-21 03:39:56-07:00,1,0,별로...,"계좌 개설 앱이랑 주식 거래 앱을 분리해 놓은 게 참 마음에 안 드네요
괜히 설치 두 번 해야되고 시간은 시간대로 오래 걸리고 마음에 안 들어요~"
꼬,2021-04-20 20:41:03-07:00,3,0,아이폰 스와이프 뒤로가기 해주세요,대부분의 아이폰 앱에 스와이프로 뒤로가기기능이 들어있는데 요건 없네요ㅜㅜ 불편해요 개선해주세요~~!
은행 바꾼다,2021-04-20 08:57:00-07:00,1,0,생체 접속 오류,여기 좀 쓰기 위험하네요 이러다 돈날려 먹을것 같아 제가 타사꺼 분산 투자중인데 이 앱 문제다 많아 보임 접속이 잘안됨 생체는 왜 오류가 계속나는건지 분명 폰이상이면 잠금도 생체인데 안되어야 하는데 엄청 잘되거든요
Radiogoo,2021-04-19 19:06:48-07:00,3,0,관심종목의 그룹 삭제가 힘드네요,"구룹삭제하려고 x 를 터치하면 열에 한번 성공하까 하네여.   
ㅜㅜ."
alclsehrrl,2021-04-19 08:04:39-07:00,5,0,"잔고 실시간조회 기능, 잔고 목록 정렬 고정, 잔고목록 편집 기능","1. 다른 회사 어플처럼 실시간 잔고조회 기능추가

2. 정렬해놓고 새로고침해도 정렬 기준이 풀려버리지 않고 고정되는 기능 추가

3. 잔고 목록 정렬을 마음대로 편집 할수있는 기능 추가

위 기능을 건의 드렸었는데 검토하겠다는 답변이 있고난 후로 어떻게 진행되고 있는지 궁금해서 다시문의 합니다. 기능 추가될때까지 계속 리뷰에 올리겠습니다"
새벽인,2021-04-14 09:07:02-07:00,1,0,신분증 촬영하는데 어지간하면 촬영 되어야지,"이건 뭐 아주 정교하게 0.001mm 오차 범위도 허용하지 않는 촬영을 해야함
짜증나서 계좌 개설하다가 말음"
다따기태용찡,2021-04-13 17:04:46-07:00,1,0,수수료 때문인지는 모르겠는데,수수료 때문인지는 모르겠는데 83700원에 주문했는데 84110원으로 주문 됐다고 떠요 체결에서 봐도 87000원인데 잔고에서 보면 84110으로 뜨고 다른것들도 도 비싸게 샀다고 떠요 학생이라 계좌에 돈이 많이 없는데 이거 버그면 쫌 고쳐주세요
근면이,2021-04-13 01:25:44-07:00,1,0,토론실 안 뜸,토론실을 볼 수 있게 해주세요
가하라z,2021-04-13 00:42:13-07:00,3,0,차트에서 외국인/기관 누적 순매수 않보임,잘 동작 했는데 갑자기 하나가 않보이거나 둘다 표시 않됩니다. 종목 마다 보이는게 다름. 확인 좀 해주세요
싸이애용자,2021-04-12 21:50:05-07:00,1,0,앱실행시 아이폰 발열 빨리고쳐달라고요,"5분이상 켜놓을수가없네
ㅡㅡ"
긱로스트,2021-04-12 18:44:10-07:00,1,0,발열문제,데이터망으로 시세창 열고 어플을 사용하면 발열이 심해지면서 먹통이 됩니다. 업데이트 고려해주세요
이뭐별,2021-04-12 17:52:13-07:00,1,0,최 악,"ㅋㅋㅋㅋㅋㅋㅋ 리뷰 조작질 쩌네^^
3/19 서버 먹통 이후로 별5개 리뷰 도배해놨네?
그 전까진 별1개에 쓰레기라는 평밖에 없었는데 조작질을 하다니...
실력도 없고 양심도 없고 질떨어지는 회사 어플
그럴 돈이 있으면 먹통 안되게 내부 개선에다가 돈을 써라
-------------
3/19리뷰
최 악
앱이 켜지질 않음. 응답시간 초과만 보임
켜져도 내 주식잔고 못열어봄. 로그인이 안됨..
매수 매도 타이밍 놓치면 책임 질거냐??
진짜 증권사 앱 중 최악의 쓰레기보다 못한 어플"
로로잉,2021-04-11 19:47:33-07:00,1,0,등록오류,앱들어가서 로그인 등록 할려고 주민등록증 사진 찍으면 그 다음 화면에서 검정색만 보이고 넘어가지를 않는ㄴ데요 앱을 다시 깔아더 그래요
ssㅇㅌ,2021-04-06 17:56:38-07:00,1,0,너무 불편한 앱입니다,"주식잔고 조회시 상품별로 내 자산에서 비중이
얼마나 되는지를 보여주는건 정말 기본적인
정보라고 생각하는데
이게 없는 회사는 처음보네요. 지원계획이 없다면
바로 갈아탈 계획입니다"
아아아아이패드,2021-04-03 19:52:42-07:00,3,0,아이패드용,"아이패드용으로는 어플이 따로 지원이 안되나요??

아이패드 미니 사용 중인데 어플 키니까 모바일 화면마냥 나오네요..."
욘수사마님,2021-04-02 00:42:04-07:00,5,0,굿굿굿,편하게 잘쓰고 있어요-
ㅉㄱ ㄱㅅㄱ,2021-04-02 00:24:14-07:00,1,0,아주 쓰레기 같은앱,완전 쓰레기
곰팡히,2021-04-01 06:56:09-07:00,5,0,Ui 디자인이 타사에 비해 이쁘고 앱이 무겁지않음,최적화 잘되고 좋아요
🤬🤯😡🤬🤯,2021-03-31 17:37:08-07:00,1,0,접속오류,"한두번도 아니고...
개장 시간 맞춰서 일부러 오류내는건가요?
장시간 로그인 접속이 실패됐는데 왜 생체로그인은 리셋이 되서 재등록없인 접속을 할 수 없게 되었네요!! 오늘 매도하려던 것들 눈뜨고 떨어지는꼴 보고있는데 속이 터지네요!!
미래에셋 에러때문에라도 OTP는 항상 들고 다녀야 하는건가요??? 
아무래도 미래에셋은 다 정리하고 다른 곳을 찾아야 할거 같습니다!!!🤬🤬🤬🤬"
skyvp1103,2021-03-31 17:25:08-07:00,1,0,일분일초가 중요한 주식거래에 로그인이안돼,"어유 이언게 회사냐 mts는 접어라 
미래에셋 하면 답답해서
키움이 왜 일등인지 알게됨"
피사,2021-03-31 17:23:16-07:00,1,3,절대 쓰지 마세요,로그인도 안되서 여러분 돈이 실시간으로 날아가는걸 관전 밖에 못하게 만듭니다. 게임은 서버터지면 보상이라도 해주지 얘는 절대로 지 잘못은 없다고 미안하다 사과한마디도 안합니다. 여러분 다른 주식어플 많습니다. 여러분들이 아 나는 돈이 사라지는걸 지켜보고 싶다고 하시면 이 어플을 추천드립니다. 저라면 차라리 그 돈으로 유니세프 해적키우기를 하는게 더 보람찰 것 같지만요.
무니난,2021-03-31 17:20:20-07:00,1,0,후,진짜 심각하네요 게임어플도 아니고 증권사어플이 이래서야 ;;
후아루라ㅏ라아,2021-03-31 17:12:37-07:00,1,0,앱이 이렇게 운영할거면 왜하는건가,"상담사는 왜이렇게 전화를 안받고 앱은 먹통
 
한두번이 아니라 더 답답

이렇게 장초반부터 장애 나면 조치가 미흡함

그리고 아무일 없다는둣이 운영하는데 꼴뵈기싫음

타 앱으로 넘어갈거임"
우순동,2021-03-31 17:10:14-07:00,1,0,너무 안됨,"다른 증권 어플은 안그러는데 미래에셋 어플만 오류나고 스트레스네요.

빨리 좀 손봐주세요.

오류나는거 때문에 손해보는것도 한 두번이지 다른 증권사로 갈아 타고 싶네요"
ㅇㅇ000ㄹ,2021-03-31 17:09:41-07:00,1,0,로그인이 안돼요 ㅠㅠㅠㅠㅠ,빨리 확인좀 빨리빨리 ㅠㅠㅠㅠㅠㅠㅠㅠ
아훗훗,2021-03-31 17:08:22-07:00,1,0,생체인식 로그인 안됨,로그인 안되니 할수 있는게 없네 망할
ㅡㅡ하진짜,2021-03-31 17:08:02-07:00,1,0,매번 개장할때 서버 터질꺼애요?,"몇번째인지 이게
로그인도 안되고 매수 매도도 안되고
~~
서버 관리, 어플 관리좀 하세요"
Asfgjkll,2021-03-31 17:07:29-07:00,1,0,개쓰레기,개쓰레기 이것도 고쳤다고 만들어논건지
noonkim,2021-03-30 21:13:25-07:00,1,0,이거 도저히 접속 안됌,"집에 와이파이 아니면 밖에선 접속 자체가 안되더라.
전화로 물어볼래도 연결 안되고.
아침에 출근하면 종일 못봄.
퇴근해서 집에 와야 볼수 있음.
그냥 속터져서 앱 삭제하고 다른 증권사로 갈아타기로 함."
koana490,2021-03-30 17:40:42-07:00,1,0,최악입니다,"신분증의 이름과 본인 이름이 일치해야 한다고 오류가 뜨는데, 제 이름을 본인이 모르는 것도 아니고 왜 오류가 뜨는겁니까,, 서버 문제 생기는 경우가 너무 빈번해서 짜증나네요."
모두다 처벌받기를,2021-03-29 09:06:57-07:00,2,0,어플 한번 터지고 업데이트하면 잘 되겠지.. 했는데,"이건 뭐.. 
고치나 마나 입니다
터지기 전에는 진짜 불만 아예없었거든요? 
지금은 답답해 터집니다..
다시 문제점 수정해서 업데이트 좀 해줘요.."
영어공부홧팅,2021-03-28 22:55:23-07:00,2,0,업데이트 후 불편해진 어플,너무 불편해요 예전이 더 편했는데
매니악08,2021-03-28 00:58:55-07:00,1,0,이체오류 진짜 심함,"며칠전 오류떠서 어플 삭제했다가 다시 하라고해서 했는데 지금 또 확인버튼 오류네요
무슨 동네 구멍가게도 아니고...
 려욱이 같은 애들 광고비줄 돈으로 어플 관리나 좀 했으면 하네요
pc로 이체 하려고 해도 otp오류라는 🐕소리나 하고 완전 ㅆㄹㄱ"
Wrrrrrrrrrrrry,2021-03-27 22:25:36-07:00,1,0,이체 안됨,"은행으로 이체하려 하는데 보안카드, OTP 준비하라는 메시지 뜨고 반응 없음. 
돈이 묶였습니다. 빨리 개선조치해주세요"
국뽕니뽕,2021-03-27 19:03:49-07:00,3,0,나빠진것 같아요..,"박현주 보고 쓰는데.. 대우증권도 나름 전통 실력 철학 있는 회산데 없애버리니... 더구나 저번 장애를 볼때 내부적으로 문제가 있을수도...
시다발이... 주식 시다발이"
