0	아바코	083930	92	13	69	1526	62	1835	16,800	코스닥	2,589억원	코스닥 264위	디스플레이장비	47.72배	1.51배	3.65%	-48.50배	1.79%	"아바코, 3분기 영업익 80억 ""턴어라운드 일궈"""	"3분기 매출 전년보다 32% 늘어난 561억 같은 기간 영업이익 327% 증가한 80억 직전 기간 32억 손실과 비교해 흑전 수주잔고 2500억 ""4분기도 호실적 예상"" [이데일리 강경래 기자] 디스플레이와 이차전지(배터리) 장비에 주력하는 아바코(083930)가 올해 3분기 턴어라운드를 일궜다. 아바코는 올해 3분기 실적을 집계한 결과 매출액이 전년 동기 425억원보다 32.1% 늘어난 561억원을 기록했다고 1일밝혔다. 같은 기간 영업이익은 19억원에서 327.0% 증가한 80억원을 기록했다. 특히 32억원 손실에 머물렀던 직전 기간과 비교하면 흑자로 전환했다. 아바코 측은 “그동안 수주한 물량이 장비 출하와 함께 매출로 인식되면서 올해 3분기 큰 폭의 실적 개선이 가능했다”며 “오는 4분기 역시 호실적이 예상된다”고 말했다. 이와 관련 아바코 수주 잔고는 9월 말 기준 2500억원에달한다. 아바코는 올해 상반기에만 1431억원에 달하는 금액을 수주했다. 여기엔 LG에너지솔루션·GM 합작사 얼티움셀즈와 체결한 635억원이 포함된다. 한편 그동안 OLED(유기발광다이오드) 등 디스플레이 장비에 주력해 온 아바코는 이차전지 장비 사업을 미래 육성 사업으로 선정한 뒤 투자와 함께 연구·개발(R&D)에 주력한다. 특히 이차전지 공정 핵심 장비 ‘롤프레스’(Roll press)를 조만간 국내 이차전지 대기업에 납품할 예정이다."	긍정	아바코, 2차 전지 수주잔고 급성장…LG엔솔 수혜 확대 기대-하나證	"하나금융투자는 24일 아바코에 대해 2차 전지 수주잔고가 급성장 중인 업체로  LG에너지솔루션의 수혜가 기대된다고 평가했다. 투자의견과 목표주가는 밝히지 않았다. 김두현 하나금융투자 연구원은 ""아바코의 2차전지 수주잔고는 지난해 2분기 444억원에서 올해 2분기 1116억원으로 급증했고, 2023년 2000억원 이상으로 전망한다""며 ""미국의 인플레이션 감축법(IRA)관련 LG에너지솔루션 밸류체인의 장비 업체 수혜가 예상되고, 아바코는 이미 얼티엄셀즈향 2차전지 후공정물류 장비를 납품 중""이라고 말했다. 김 연구원은 ""2차전지 동박슬리터 장비 수주 또한 일진머티리얼즈의 증설계획에 따라 크게 늘어날 수 있다""며 ""전극공정용 롤프레스 장비 관련 신규 수주 및 마진율 개선까지 가능하다""고 설명했다. 아바코는 얼티엄셀즈향 2차전지 물류장비를 1400억원이상 수주했다. 얼티엄셀즈에서의 점유율은 30% 이상 확보 중이며, 자금 조달 능력과 납품 레퍼런스를 고려하면 3,4공장 및다른 합작법인 수주도 충분히 가능할 것으로 판단된다고 김 연구원은 전했다. 김 연구원은 ""LG에너지솔루션, SK온 등 셀메이커들의 경쟁 심화로 공급망 안정화 수요가커지는 추세""라며 ""고객사인 일진머티리얼즈는 최근 자금력 확보로 22년 6만톤, 25년 20톤 이상으로 생산능력을 증설함에 따라 아바코의 수주도 확대될 전망""이라고 말했다. 특히 실적은 2023년 매출액은 전년대비 29.1% 늘어난 2572억원, 영업이익은 35.5%증가한 269억원으로 전망했다. 수주 후 9개월 내에 매출로 인식되며, 신규 롤프레스 장비 수주가 본격 발생하는 2023년 마진율 확대가 이뤄질 것으로 진단했다."	긍정	"아바코, 2분기 영업손실 32억원…""하반기 제품 출하량 늘며 개선될 것"""	"아바코는 상반기 별도 기준 매출액이 약 460억원, 영업손실과 순손실은 89억원, 28억원으로 잠정 집계됐다고 1일 밝혔다. 2분기 기준 매출액은 약 279억원, 영업이익은 전년 동기 대비 적자 전환해 영업손실 32억원을 기록했다. 회사 측은 매출액 집계 기준을 제품 출하 시점으로 변경함에 따라 매출 인식이 지연됐으며 장비 출하가 집중될 것으로 예상되는 3, 4분기에 실적이개선될 것으로 기대된다고 설명했다. 회사 관계자는 ""올해 상반기 신규 수주 실적은 1431억원 규모이며 6월 말 기준 수주잔고는 LG에너지솔루션과 GM의 합작사인 얼티움셀즈와 체결한 635억원 규모의 공급 계약을 포함해 2953억원 수준""이라며 ""신규 수주 건 등이 실적에 반영될 하반기 이후 실적이 개선되는 흐름을 보일 것으로 기대한다""고 밝혔다."	긍정
0	아바코	083930	92	13	69	1526	62	1835	16,800	코스닥	2,589억원	코스닥 264위	디스플레이장비	47.72배	1.51배	3.65%	-48.50배	1.79%	"아바코, 3분기 영업익 80억 ""턴어라운드 일궈"""	"3분기 매출 전년보다 32% 늘어난 561억 같은 기간 영업이익 327% 증가한 80억 직전 기간 32억 손실과 비교해 흑전 수주잔고 2500억 ""4분기도 호실적 예상"" [이데일리 강경래 기자] 디스플레이와 이차전지(배터리) 장비에 주력하는 아바코(083930)가 올해 3분기 턴어라운드를 일궜다. 아바코는 올해 3분기 실적을 집계한 결과 매출액이 전년 동기 425억원보다 32.1% 늘어난 561억원을 기록했다고 1일밝혔다. 같은 기간 영업이익은 19억원에서 327.0% 증가한 80억원을 기록했다. 특히 32억원 손실에 머물렀던 직전 기간과 비교하면 흑자로 전환했다. 아바코 측은 “그동안 수주한 물량이 장비 출하와 함께 매출로 인식되면서 올해 3분기 큰 폭의 실적 개선이 가능했다”며 “오는 4분기 역시 호실적이 예상된다”고 말했다. 이와 관련 아바코 수주 잔고는 9월 말 기준 2500억원에달한다. 아바코는 올해 상반기에만 1431억원에 달하는 금액을 수주했다. 여기엔 LG에너지솔루션·GM 합작사 얼티움셀즈와 체결한 635억원이 포함된다. 한편 그동안 OLED(유기발광다이오드) 등 디스플레이 장비에 주력해 온 아바코는 이차전지 장비 사업을 미래 육성 사업으로 선정한 뒤 투자와 함께 연구·개발(R&D)에 주력한다. 특히 이차전지 공정 핵심 장비 ‘롤프레스’(Roll press)를 조만간 국내 이차전지 대기업에 납품할 예정이다."	긍정	아바코, 2차 전지 수주잔고 급성장…LG엔솔 수혜 확대 기대-하나證	"하나금융투자는 24일 아바코에 대해 2차 전지 수주잔고가 급성장 중인 업체로  LG에너지솔루션의 수혜가 기대된다고 평가했다. 투자의견과 목표주가는 밝히지 않았다. 김두현 하나금융투자 연구원은 ""아바코의 2차전지 수주잔고는 지난해 2분기 444억원에서 올해 2분기 1116억원으로 급증했고, 2023년 2000억원 이상으로 전망한다""며 ""미국의 인플레이션 감축법(IRA)관련 LG에너지솔루션 밸류체인의 장비 업체 수혜가 예상되고, 아바코는 이미 얼티엄셀즈향 2차전지 후공정물류 장비를 납품 중""이라고 말했다. 김 연구원은 ""2차전지 동박슬리터 장비 수주 또한 일진머티리얼즈의 증설계획에 따라 크게 늘어날 수 있다""며 ""전극공정용 롤프레스 장비 관련 신규 수주 및 마진율 개선까지 가능하다""고 설명했다. 아바코는 얼티엄셀즈향 2차전지 물류장비를 1400억원이상 수주했다. 얼티엄셀즈에서의 점유율은 30% 이상 확보 중이며, 자금 조달 능력과 납품 레퍼런스를 고려하면 3,4공장 및다른 합작법인 수주도 충분히 가능할 것으로 판단된다고 김 연구원은 전했다. 김 연구원은 ""LG에너지솔루션, SK온 등 셀메이커들의 경쟁 심화로 공급망 안정화 수요가커지는 추세""라며 ""고객사인 일진머티리얼즈는 최근 자금력 확보로 22년 6만톤, 25년 20톤 이상으로 생산능력을 증설함에 따라 아바코의 수주도 확대될 전망""이라고 말했다. 특히 실적은 2023년 매출액은 전년대비 29.1% 늘어난 2572억원, 영업이익은 35.5%증가한 269억원으로 전망했다. 수주 후 9개월 내에 매출로 인식되며, 신규 롤프레스 장비 수주가 본격 발생하는 2023년 마진율 확대가 이뤄질 것으로 진단했다."	긍정	"아바코, 2분기 영업손실 32억원…""하반기 제품 출하량 늘며 개선될 것"""	"아바코는 상반기 별도 기준 매출액이 약 460억원, 영업손실과 순손실은 89억원, 28억원으로 잠정 집계됐다고 1일 밝혔다. 2분기 기준 매출액은 약 279억원, 영업이익은 전년 동기 대비 적자 전환해 영업손실 32억원을 기록했다. 회사 측은 매출액 집계 기준을 제품 출하 시점으로 변경함에 따라 매출 인식이 지연됐으며 장비 출하가 집중될 것으로 예상되는 3, 4분기에 실적이개선될 것으로 기대된다고 설명했다. 회사 관계자는 ""올해 상반기 신규 수주 실적은 1431억원 규모이며 6월 말 기준 수주잔고는 LG에너지솔루션과 GM의 합작사인 얼티움셀즈와 체결한 635억원 규모의 공급 계약을 포함해 2953억원 수준""이라며 ""신규 수주 건 등이 실적에 반영될 하반기 이후 실적이 개선되는 흐름을 보일 것으로 기대한다""고 밝혔다."	긍정
0	윈스	136540	87	80	69	1371	80	230	12,400	코스닥	1,719억원	코스닥 445위	소프트웨어	7.54배	0.98배	13.42%	18.90배	4.03%	윈스 3Q 영업익 40억, 전년 동기比 4.4% 증가	정보보안 및 클라우드 보안 서비스업체인 윈스는 1일 공시를 통해 올 3분기 연결재무제표 기준 매출이 188억6100만원으로 전년 동기 대비 1.2% 늘고 영업이익이 39억7300만원으로 같은 기간 4.4% 증가한 것으로 잠정집계됐다고 밝혔다. 순이익은 38억8000만원으로 전년 동기 대비 4.1% 줄었다. 3분기까지 누적치 기준 매출은 592억6900만원으로 전년 동기 대비 14.6% 늘었고 영업이익은 106억6800만원으로 40.8% 증가했다.누적 순이익은 102억6100만원으로 같은 기간 40.6% 증가했다. 윈스는 나우콤의 네트워크 보안사업 부문 인적분할을 통해 2011년 1월 설립돼 같은 해 5월 코스닥시장에 상장된 회사다. 24시간 원격·파견관제 등 정보보안 서비스, 2014년부터 시작한 클라우드 보안관제서비스 등을 주로 영위 중이다. 금양통신이 23.88%의 지분을 보유한 최대주주이며 16.98%를 보유한 KCGI 측 신기술사업조합 등 특수관계인 지분을 더해도합 49.59%의 지분을 보유 중이다.	긍정	[씨엔티테크 육성·투자 스타트업 단신] 윈스글로벌·IBK창공	"IBK기업은행의 창업육성 프로그램 `IBK창공(創工) 구로` 육성기업으로 TIPS 운영사인 액셀러레이터 씨엔티테크㈜(대표 전화성, CNT테크)가 함께 육성을 맡았던 스타트업 기업단신 모음이다. ━ ◆ 원스글로벌-위뉴, 올바른 의약품 정보 콘텐츠 개발 MOU 체결 ━ 최근 디지털 헬스케어 솔루션을 제공하는 ㈜원스글로벌(대표 박경하)과 헬스케어 콘텐츠 플랫폼 기업 ㈜위뉴(대표 황보율)가 `올바른 의약품 정보 콘텐츠 개발`을 위한 업무협약(MOU)을 체결했다.원스글로벌은 글로벌 의약품 빅데이터 서비스 `커넥트디아이(ConnectDI)`와 연구지원 플랫폼 `커넥티드유(Connected-U)`를 운영한다. 해외 대조약 구매 대행, 글로벌 파트너사 헬스케어 솔루션 판매 대행 등 국내외 의약품 관련 비즈니스를 진행하고 있다. 또한 원스글로벌은 현재 의약품 빅데이터 활용 부작용 예측 솔루션 기반 맞춤형 의약품 관리 서비스 `커넥트케어`를 개발 중으로, 커넥트케어만의 알고리즘으로 처방된 의약품의 부작용을 예측해온 가족 맞춤 의약품 관리를 할 수 있는 서비스를 만들고 있다. 양사는 이번 협약에 따라 올바른 의약품 정보에 관한 콘텐츠를 공동으로 개발 및 고도화하여 사업의 구축을 위해 협력할 방침이다. 양사는 구체적으로 ▲올바른 의약품 정보를 전달하기 위한 콘텐츠 개발 및 ▲의약품 정보 전달 서비스 사업을 공동 추진하기로 뜻을 모았다. 박경하 원스글로벌대표는 ""`커넥트디아이`에서 서비스하고 있는 근거 중심의 글로벌 의약품 데이터를 기반으로 안전한 복약 정보 콘텐츠 등을 사용자가 접근하기 쉬운 방식으로 제공할 것""이라며, ""앞으로 위뉴와 올바른 의약품 정보를 제공하는 더 다양한 콘텐츠를 만들어 가겠다.""고 밝혔다. ━ ◆ IBK기업은행, IBK창공 오픈이노베이션 행사 성료 ━ IBK기업은행(은행장 윤종원)은 지난달 9월 28일과 30일 부산과 대전에서 ""IBK창공오픈이노베이션 행사""를 개최했다. 오픈이노베이션 행사는 혁신 기술과 아이디어를 보유한 IBK창공 기업과 기업은행을 거래하는 우량 중소·중견기업 간의 투자유치 및 사업 협력 등의 기회를 제공하는 특화 프로그램이다. 이번 행사에는 중견·중소기업, IBK창공 혁신기업, CVC(기업형 벤처투자회사)·VC 등 외부투자사를 포함해 150여명이 참석했다.  앞서 기업은행은 중견기업연합회, 부산상공회의소 등과 오픈이노베이션 행사를 개최한 바 있고, 오는 10월중순에는 한국통신사업자연합회(KTOA)와 함께 제4회 공동 IR 행사를 개최할 예정이다. 기업은행 관계자는 ""금번 행사의 실질적 성과창출을 위해 지원을 아끼지 않겠다""며 ""스타트업과 새로운 성장동력이 필요한 기업들을 위해 앞으로도 다양한 네트워킹 자리를 만들 것""이라고 밝혔다."	중립	보안기업 윈스, 제주 클라우드 기반 AI통합 보안관제 플랫폼 사업 수주	정보보안 기업 윈스가 4억원 규모의 제주 ‘클라우드 기반 인공지능(AI)통합 보안관제 플랫폼 사업’을 수주했다고 25일 밝혔다. 윈스에 따르면 ‘클라우드 기반 AI통합 보안관제플랫폼 구축’ 사업은 과학기술정보통신부와 한국지능정보사회진흥원(NIA)에서 공공부문 클라우드 기술선도 프로젝트로 선정한 6개의 과제 중 하나다. 이번 사업은 제주도가 지방자치단체 중 처음으로 실시하는 클라우드형 보안강화사업으로, 향후 민간 클라우드 인프라 확대에 대비하는 보안대책이될 것으로 보인다. 이번 사업은 제주도의 산하기관을 포함하여 출자 및 출연기관을 대상으로 클라우드 환경에서 웹방화벽, 메일 보안솔루션, EDR 등의 보안솔루션을 적용하고, AI기술을 활용해 사이버 위협에 신속하게 대응할 수 있는 보안관제 체계를 구축하는 것이 목표다. 금번 사업에서 윈스는 KT를 비롯한 사업 관계사들과의 협업을 통하여 클라우드 환경구축 및 운영을 수행할 예정이다. 윈스관계자는 “이번 사업의 수주와 관련하여 금번 사업을 계기로 그간 클라우드 전환사업에서 다소 소외되었던 안정적인 보안 모델 구축이 활성화되길 바란다”라고 했다.	긍정
0	리더스 기술투자	019570	52	1954	68	1650	59	1979	540	코스닥	702억원	코스닥 1022위	기타금융	-6.77배	1.68배	-21.88%	-6.44배	0.00%	"리더스기술투자, 자본잠식 경고등···결국 증자카드
액면가로 115억 자본확충, 악화된 손익구조 영향 결손금 누적···근본적 해결책 필요 지적"	리더스기술투자가 수백억원에 이르는 증자에 나선다. 명목상은 운영자금 충당이지만 본심은 자본잠식에 대한 위기감에 선제적 조치에 나선 것이라는 게 시장의 시각이다. 리더스기술투자는 최근 지속해서 적자가 쌓이면서 결손금이 늘고 있는 탓에 자본금을 갉아 먹고 있는 중이다.  27일 금융감독원 전자공시에 따르면 리더스기술투자가 제3자 배정 유상증자를 추진한다. 운영자금 조달을 위해서다. 총 2300만주를 발행한다. 이를통해 조달하는 금액은 115억원이다. 1주당 500원으로 액면가다. 현재 주가를 고려하면 할인율은 5% 정도다. 해당 지분은 센시오2호투자조합이 전액 부담한다.  이번 증자가 완료되면 센시오2호투자조합의 지분율은 15%가 된다. 최대주주인 에이티세미콘에 이은 2대주주가 된다. 에이티세미콘의 증자 후 지분율은 15.33% 정도다. 종전 18.04%에서 2.71%포인트 낮아진 수치다.  리더스기술투자는 이번 증자를 통해 자본확충 효과를 누릴것으로 보인다. 그간 계속된 적자기조 속에 결손금이 쌓이면서 자본이 잠식되고 있었다. 지난 6월 말 기준 리더스기술투자의 자본총계는 418억원이다. 이미 자본금보다 그 규모가 작아졌다. 자본금은 650억원 자본잉여금은 605억원 정도 되는데, 결손금은 무려 836억원에 이른다.  우려스러운 대목은 결손금이 빠르게 쌓이고 있다는 점이다. 리더스기술투자는 계속된 적자로 수익성이 좋지 않은 상태다. 3월 결산법인인리더스기술투자의 금융감독원 전자공시를 토대로 당기순이익 추이를 보면 2017년 마이너스(-) 10억원, 2018년 마이너스(-) 32억원, 2019년 마이너스(-) 111억원, 2020년 21억원을 기록했다.  계속 적자를 기록해오다 2020년 반등 성공했지만, 지난해 다시 적자를 기록했다. 지난해엔 92억원의 순실을 냈다. 올해도 1분기 만에 97억원의 적자를 내며 작년 연간 손실액을 넘어섰다.  특히 기타수익과 기타비용의 규모도 비교적큰 편이다. 상장돼 있는 리더스기술투자의 가치 변동성이 있는 가운데 기발행된 전환사채(CB)와 신주인수권부사채(BW)의 가치도 함께 변동된다. 이 과정에서 평가손익이 발생한다. 본업인 투자활동 이외의 요소로 이익 변동성이 생기는 셈이다. 작년말 기준 보유 중인 전환사채는 287억원, 신주인수권부사채는 48억원 규모다.  금리 상승이 본격화된 가운데 투자자산의 자산가격 변동성이 확대되면서 더욱 어려워지고 있는 셈이다. 이같은 변동성을 최소화하기 위해서는 직접 투자와 투자조합 운용의 균형 있는 포트폴리오 설정이 필요하다는 지적이 나오는 이유이기도 하다.  이처럼 리더스기술투자는 자본잠식에 대한 경고등이 들어왔다. 결국 대주주인 에이티세미콘은 증자카드를 꺼내들 수 밖에 없었던 것으로 보인다.  더욱이 이 같은 재무상태는 출자사업에도 악영향을 미쳤다. 심지어 단독으로 제안서를 접수했음에도 불구하고 1차 서류접수에서 탈락하는상황까지 겪었다. 앞서 리더스기술투자가 모태펀드 2차 정시출자사업에서 과기정통부 계정 메타버스 분야에 제안서를 접수했다. 단독으로 접수하면서 기대감이 컸지만, 1차 서류심사 문턱을 넘어서지 못했다.  이번 유상증자가 마무리되면 리더스기술투자의 자본총계는 533억원으로 늘어날 전망이다. 1차적으로 경고등은 끌 수 있을 전망이다. 다만 근본적인 해결책이 없다면 여전히 자본잠식 리스크에서 벗어나기 힘들 것으로 점쳐진다.	부정	리더스 기술투자, 120억원 규모 제3자배정 유상증자	리더스 기술투자는 운영자금 등 120억원을 조달하기 위해 제3자배정 유상증자를 결정했다고 26일 공시했다. 주당 500원에 신주 2300만주(보통주)가 발행된다. 제3자배정 대상자는 센시오2호투자조합이다.	부정	에이티세미콘, 리더스기술투자 지분 추가 확보	"반도체 후공정 전문업체 에이티세미콘이 신기술사업금융업자 리더스기술투자 전환사채를 취득했다. 리더스기술투자 지분을 추가로 확보해 경영권을 강화하고 사업 다각화를 적극 추진한다는 전략이다. 에이티세미콘은 총 65억원 규모의 리더스기술투자 전환사채(CB)를 취득했다고 12일 밝혔다. 에이티세미콘은 총 9.09%의 리더스기술투자 지분을 추가 확보하며 지분율을 25.49%까지 끌어올렸다. 리더스기술투자는 1986년에 설립한 스타트업 액셀러레이터다. 오랜 투자 경험과 투자조합 운영 경험을 바탕으로정보통신, 바이오, 엔터테인먼트 등 다양한 벤처기업에 투자 중이다. 회사 관계자는 ""지배구조 강화 및 사업 영역 확장 차원에서 리더스기술투자에 대한 지분을 추가 확보했다""며 ""리더스기술투자와 유기적인 협력체계 구축하고 미래 성장동력 확보에 적극 나서겠다""고 말했다. 에이티세미콘은 지난 5월 메모리 반도체 후공정 전문기업 에이팩트와 패키지(PKG) 사업 양수도 계약을 위한 업무협약(MOU)을 체결했다. 사업 매각으로 확보한자금은 재무구조 개선과 전지용 전해액 및 2차전지 등 신성장 동력 확보에 투자할 예정이다."	긍정
0	에이에프더블류	312610	84	104	69	1356	56	2080	4,290	코스닥	869억원	코스닥 879위	전기제품	-19.42배	1.27배	-6.50%	-46.35배	1.17%	[특징주] 에이에프더블류, 2차전지 핵심 부품 독점공급...삼성SDI 분기 매출 5조↑	[서울경제] 에이에프더블류(312610) 가 2차전지 핵심 부품을 삼성SDI에 독점공급하고 있는 가운데 삼성SDI의 분기 매출이 5조원을 넘는 등 사상최대 실적을 보이자 상승세를 보이고 있다. 1일 오전 10시 16분 현재 에이에프더블류는 전날 보다 5.53% 오른 4195원에 거래되고 있다. 삼성SDI가 올해 3분기에 이차전지 판매 호조에 힘입어 사상 최대 매출과 영업이익을 기록했다. 분기 기준 최초로매출 5억원과 영업이익 5000억원을 돌파했다. 이는 3분기까지 누적 실적은 이미 전년도 연간 실적을 상회한 것이다. 삼성SDI는 4분기에도 전기차와 ESS(에너지저장장치) 시장이 전통적 성수기로 접어들면서 실적 호조가 계속될 것으로 예상된다. 삼성SDI는 올해 3분기 영업이익이 5659억원으로 지난해 동기 대비 51.5% 늘었다. 같은 기간 매출은 56.1% 증가한 5조3680억원이다. 지난 1998년 설립된 에이에프더블류는 전기차 배터리에들어가는 음극마찰용접단자를 생산한다. 음극마찰용접단자를 삼성SDI에 독점 공급중인 것으로 알려진 가운데, 제조한 음극단자는 삼성SDI를 통해 BMW, 아우디, 폭스바겐 등 글로벌 완성차 업체에 공급된다.	긍정	[진주클럽] 에이에프더블류 한주간 16% 급등	26일 한국거래소에 따르면 지난 23일 진주클럽 구성종목 시가총액은 10조1890억원으로 지난 16일 10조9771억원에 비해 7881억원 감소한 것으로 나타났다.  지난 한주간 약세장 속에서 에이에프더블류 종목의 상승률이 돋보였다.  에이에프더블류는 지난 19일부터 23일까지 한주간 16.41% 상승해 진주클럽 구성 종목 중 주간 주가상승률 1위를 기록했다.  에이에프더블류 뒤를 모트렉스가 12.16% 상승하며 주간 상승률상위권에 이름을 올렸다.  한편,애드바이오텍은 한주간 12.86% 하락하며 가장 부진한 흐름을 나타냈다.  [진주클럽] 에이에프더블류 한주간 16% 급등 이미지 확대보기 자료=한국거래소   주간 기준 진주클럽 구성종목 중 상승률 상위종목은 다음과 같다.  표기순서는 순위, 종목명, 23일 종가, 주간등락폭, 주간등락률 순이다.  1위 에이에프더블류 4575원 +645원 (16.41%) ▲2위 모트렉스 1만8450원+2000원 (12.16%) ▲3위 에브리봇 1만8550원 +650원 (3.63%) ▲4위 케이옥션 6020원 +80원 (1.35%)  주간기준 진주클럽 구성종목 중 하락률 상위 종목은 다음과 같다.  1위 애드바이오텍 3660원 -540원 (-12.86%) ▲2위 엔젠바이오 7090원 -1030원 (-12.68%) ▲3위 자이언트스텝 2만150원 -2800원 (-12.2%) ▲4위 딥노이드 6380원 -880원 (-12.12%) ▲5위 제놀루션 9900원 -1300원 (-11.61%)  [진주클럽]에이에프더블류 한주간 16% 급등 이미지 확대보기 자료=한국거래소   진주클럽 구성 종목의 지난 한주간 주요 활동은 다음과 같다.  진시스템, 메디안디노스틱과 동물 진단검사 시스템 사업화 MOU 체결   신속 현장 분자진단 플랫폼 기업진시스템이 산업동물 전염성 질병 진단키트를 전문적으로 개발, 생산 및 공급해온 ㈜메디안디노스틱과 진시스템의 차세대 현장 신속 분자진단 플랫폼을기반으로 한 산업동물 진단검사 시스템 사업화 관련 MOU를 지난 21일 체결했다.  진시스템 관계자는 “산업동물진단의 강자인 메디안디노스틱이 사업 확대를 위해 진시스템의 현장 분자진단 플랫폼 채택, 사업화를 추진하고자 하는 것이 이번 MOU의 배경”이라며 “이로써 진시스템은 인체와 반려동물, 식품검사 뿐 아니라 산업동물 진단 분야로도 당사의 플랫폼을 확대 적용할 수 있게 됐다”고 밝혔다. 이번 MOU체결을 통해 메디안디노스틱은 자사의 산업동물 진단검사용 분자진단 키트가 진시스템 현장 신속 분자진단 플랫폼에 최적화되도록 공동 연구개발을 위해 협력할 예정이다. 또 메디안디노스틱이 개발한 진단키트 제품의 농림축산검역본부 허가 후에는 동제품과 진시스템의 플랫폼을 공동마케팅하여 국내외 시장에 공급하기로 했다.  애드바이오텍, 의약품 연구개발기업 프론트바이오에 전략적 투자   면역항체 전문 바이오 기업애드바이오텍이 전략적 투자(SI)를 진행한다.  애드바이오텍은 상환전환우선주(RCPS) 방식으로 투자에 참여한다. 프론트바이오는 상환전환우선주 41,667주를 주당 1만2000원에 발행하며 규모는 5억4000원이다. 이번 투자를 통해 애드바이오텍은 프론트바이오 지분 약 1.49%를 확보하게 됐다.  프론트바이오는 항암 및 피부질환, 당뇨합병증 치료제 개발 등을 하는 의약품 연구 개발기업이다. 지난 5일 애드바이오텍과 동물용 항바이러스제 기술이전 협약을 체결한 바있으며 이번 투자도 양사간의 전략적 협력관계를 발전시키기 위해 진행됐다.  미코바이오메드, 국내 최초 원숭이두창 진단키트 수출허가 획득   체외진단의료기기 제조사 미코바이오메드가 국내 최초로 원숭이두창 PCR 진단키트의 식품의약품안전처 수출허가를 획득했다고 지난 21일 밝혔다.  미코바이오메드가 이번에 획득한 수출허가는 2016년 질병관리청(이하 질청)의 연구용역과제 수행을 통해 개발을 완료하고 공동 특허를 등록한 원숭이두창진단키트이다.  회사는 수출허가 획득을 위해 지난 7월 세네갈 파스퇴르 연구소(IPD: Institute Pasteur de Dakar)에서 원숭이두창 진단키트(Veri-Q MCMPx-VS)의 임상시험을 진행했다. 그 결과 민감도(양성 확인율)와 특이도(음성 확인율) 모두 100%의 결과를 얻어 성능을 입증했다.  회사는 우선 이번 임상시험에 협조한 세네갈 파스퇴르 연구소를 통해 아프리카 지역에 원숭이두창 바이러스 키트를 공급하는 것을 추진중이다.  퓨쳐켐, FC705 임상 1상 결과 발표…유효성…안정성 확인  방사성의약품 전문기업 퓨쳐켐이 전립선암 치료제 FC705의 안전성 및 유효성을 평가하기 위한 국내 임상 1상 임상 최종 결과를 지난주 공시했다.  퓨쳐켐이 개발중인 거세저항성 전이전립선암 치료제 FC705(Ludotadipep)는 치료용 동위원소인 Lu-177을 사용하여 전립선암에만 특이적으로 발현되는 PSMA 단백질을 표적으로 하는 방사선 리간드 치료제(Radioligand terapy)로, 1차 호르몬 치료와 2차 항암 치료 후 재발 전이된 환자를 대상으로 개발중인 치료제다.  퓨쳐켐은 이번 임상시험에 대해 퓨쳐켐에서 개발중인 전립선암 진단제 FC303(Florastamin, PSMA-PET)을 통해 양성 소견으로 확인된 거세저항성 전립선 암 환자 30명을 대상으로 서울 성모병원에서 임상 1상을 마쳤고, 최종 결과보고서(CSR)를 CRO업체로부터 수령했다고 밝혔다.  큐라클, 최고재무책임자(CFO) 박종현부사장 영입   신약 개발 기업 큐라클이 최근 박종현 최고재무책임자(CFO)를 영입했다고 22일 밝혔다.  신임 박종현 부사장은 서울대학교 국제경제학과를 졸업하고 NH투자증권에서 리서치센터장, 에퀴티세일즈본부장 및 프라임브로커리지본부장 등을 역임한 자본시장에 정통한 전문가다.  박종현 부사장은 “30여년 이상 기업현장과 자본시장에서 축적한 경험과 통찰력을 통해 진행 중인 연구개발 프로젝트 및 각종 사업계획들이 속도감있게 성과를 창출할 수 있게끔 재무전략을 수립하고 실행하여 큐라클의 제2의 도약을 견인하겠다”고 전했다.  케이옥션, LB인베스트먼트로부터 295억원 투자유치   미술품 경매회사 ㈜케이옥션이 295억원 규모의 제1회 사모 전환사채(CB) 발행을 결정했다고 22일 공시했다. 신영증권이 주관사로 참여한다.  케이옥션이 발행하는 이번 CB는 코스닥 시장에서의 메자닌 발행사로서는 이례적으로 조기상환청구권(Put Option)이 3년 이후 행사가능하고, 시가에 의한 전환가액의 조정(Refixing)이나 회사 또는 투자자의 CB 조기 취득권(Call Option)등이 포함되어 있지 않다.  케이옥션 관계자는 “이는 케이옥션이 금번 CB발행을 대주주의 지배력 확대 등에 사용하지 않고 확보된 자금을 오로지 회사의 성장을 위해서 사용하겠다는 의지를 보여주는 것”이라며 “투자자로 나선 LB인베스트먼트가 이에 화답해 케이옥션의 기업가치 상승 가능성에만 집중하기로 한 것으로풀이된다”고 밝혔다.  정준범 글로벌이코노믹 기자 jjbkey@g-enews.com  [알림] 본 기사는 투자판단의 참고용이며, 이를 근거로 한 투자손실에 대한 책임은 없습니다.	중립	에이에프더블류, 리튬이온배터리 음극마찰용접단자 국내 시장 100% 독점	"[파이낸셜뉴스] 2차전지 관련주들이 부각되고 있는 가운데 에이에프더블류가 리튬이온배터리의 음극마찰용접단자를 국내에서 유일하게 100% 독점하고 있다는 소식에 최근 주가 상승세가 눈에 띄고 있다. 22일 금융감독원 전자공시에 따르면 에이에프더블유는 ""자체 조사자료에 따라 국내 기업은 당사가 유일해 국내 시장 내 음극마찰용접단자의 시장 점유율은 100%로 독점 생산하고 있다""고 밝혔다. 사업보고서에 따르면 에이에프더블류의 음극마찰용접단자의 경우 에너지저장장치(ESS)및 전기차의 배터리에 투입되고 있다. 중대형 전지의 경우는 BMW, 폭스바겐, 아우디, 크라이슬러 등 이미 글로벌 완성차 업체들의 배터리에 탑재되고 있는 상황이다. 중국에서도 관련 제품을 생산하고 있지만 중국 내 업체의 경우에도 에이에프더블유 외에 단 한개사만이 생산할 뿐이다. 한편 에이에프더블류는 신사업으로 전기차 BSA(Battery System Assembly)내 `셀-모듈-펙` 및 전장품의 전기적 연결을 위한 핵심전력 부품인 부스바(Busbar) 사업을 추진 중에 있다. 부스바란 전차, 차량, 항공기 등에서 전기적인 연결을 가능하도록 하는 막대형의 전도체다. 전선을 대체해서 큰 전기용량을 배터리 또는 발전기에서 전장품으로 공급하는 핵심 전력 부품이다. 부스바는 전선과 달리 필요한 길이만큼만 정확하게 제작하여 사용함으로써 자동차 부품 및 모듈 등을 간소화가 가능토록 한다. 이 밖에도 마찰교반용접(FSW)을 활용한친환경차량 전장품을 생산하고 있다. 이 같은 2차전지 배터리 및 친환경 전기차 관련 신사업 추진으로 주가도 최근 탄력을 받고 있는 모습이다. 9월 초까지만 해도 3000원대에 머물던 주가가 최근 5000원을 넘어서기도 했다."	긍정
0	에이티세미콘	089530	83	115	69	1338	57	2049	1,605	코스닥	917억원	코스닥 842위	반도체	-0.88배	1.41배	-101.46%	-14.91배	0.00%	"에이티세미콘, 시가총액 뛰어넘는 자금 확보 ""2차전지 사업 진출"""	"`720억 규모` 반도체 패키지 사업 양도 완료 [파이낸셜뉴스] 에이티세미콘이 720억원 규모의 반도체 패키지 사업부문 양도를 완료했다고 1일 밝혔다. 지난 8월 에이티세미콘은 자사가 영위하는 사업 중 일부인 반도체 패키징 사업 관련 자산, 계약, 채권, 채무, 인허가, 근로관계 승계에 동의하는 인적 조직 일체를 에이팩트에 양도하기로 한 바 있다. 에이팩트로부터 지난 8월 144억원의선금을 지급받은 에이티세미콘은 나머지 576억원의 잔금을 지급받으며 반도체 패키지 사업 부문 양도를 완료했다. 특히 에이티세미콘은 27일 제3자배정 유상증자를 통해 현금 약 100억을 확보했을 뿐 아니라 이번 반도체 패키지 사업 부문 양도 완료로 1일 기준 시가 총액 797억원에 버금가는 유동성을 확보해 기업가치를 제고하고, 신규 사업을 적극적으로 추진한다는 방침이다. 회사 관계자는 ""이번영업양도를 통해 재무구조 개선 및 신규사업 진출을 위한 재원 확보를 성공했다""며 “확보된 유동성을 바탕으로 신규사업을 적극적으로 추진해 신규 매출 창출과 안정적인 이익 구조를 마련해 신성장 동력을 추진하겠다”고 말했다. 이 관계자는 또 ""이번 자금으로 2차전지 관련 사업을 진행하게 될 것""이라며 ""이사회 등을 열어 관련 사업을 본격화 할 예정""이라고 밝혔다."	긍정	에이티세미콘, 2차전지 관련 신사업 진출	[이데일리 안혜신 기자] 에이티세미콘(089530)은 2차전지 제조업 등을 사업목적으로 추가하고 관련 사업 진출을 본격화한다고 28일 밝혔다. 에이티세미콘은 임시주주총회에서 사업목적을 추가하고 패키지(PKG) 사업 양도 건을 승인할 예정이다. 임시주주총회는 오는 10월12일에 개최된다. 새롭게 추가되는 사업목적은 △2차전지 제조업 △2차전지 및 전자부품 유통업 △2차전지 및 전자부품 무역업 △2차전지 소재의 제조 및 판매업 등이다. 이밖에도 2차전지관련 △산업설비 △건물 △구축물 △토목시설의 설계·시공·공사감리 △산업기계 제작 및 판매 △폐원료 가공·처리 등 2차전지 재활용업을 추가한다. 이번 사업목적 추가를 통해 에이티세미콘은 본격적으로 2차전지 관련 사업에 진출한다. 아울러 재활용 사업까지 사업영역을 넓혀 2차전지 관련 다양한 신사업 추진을 통해 성장동력을 확보할 계획이다. 에이티세미콘 관계자는 “현재 진행 중인 사업 이외에 최근 각광받고 있는2차전지 분야로 사업을 확장할 예정”이라며 “이와 관련한 인프라 구축을 통해 사업 확장에 속도를 내겠다”라고 말했다. 한편 에이티세미콘은 지난달 메모리 반도체 후공정 전문기업 에이팩트에 반도체 패키지 관련 사업 일체를 720억원에 양도한다고 공시했다. 확보한 재원은 재무구조 개선 및 신규사업 발굴 등에 활용할 예정이다.	긍정	"에이티세미콘, 패키징 사업부 720억원 매각 ""재무구조 개선+신사업 발굴"""	"에이티세미콘이 PKG(패키징) 사업을 메모리 반도체 후공정 전문기업 에이팩트에 양도하고 신규 사업에 나선다고 31일 밝혔다. 에이티세미콘은 지난 30일 에이팩트와 패키징 영업 부문을 720억원에 양도하는 계약을 체결했다. 패키징 영업 부문은 2021년 기준 자산액 대비 42.66%, 매출액의 84.67%를 차지하는 사업이다. 30일 계약을 20%를 받고, 오는 10월 31일 잔금 80%를 수령할 예정이다. 에이티세미콘은 이번매각으로 시가총액(30일 기준, 829억원)에 육박하는 720억원의 현금을 확보하게 됐다. 회사는 이 자금으로 재무구조 개선 및 신규 사업 발굴에 사용할 예정이다. 이를 위해 오는 9월 14일 임시주총을 열고 패키징 사업 영업양수도 승인의 건, 임광빈 사내이사 선임의 건을 상정할 예정이다. 또 사업목적에 2차전지 제조업, 2차전지 및 전자부품 무역업, 전지용 전해액 제조 및판매업, 위성발사체 제조 및 판매업 등을 추가할 계획이다. 회사 관계자는 ""이번 계약으로 회사의 재무구조가 현격히 개선될 것으로 기대한다""며 ""현재 신사업에 대해 다방면으로 검토 중""이라고 말했다. 이어 ""신사업 방향은 확정되는 대로 별도의 공시 등을 통해 공개하겠다""라며 ""오는 10월쯤 자체 기업설명회(IR)를 통해 구체적인 사업 방향을 설명할 예정""이라고 덧붙였다. 한편 2007년 설립된 에이팩트는반도체 제조 관련 테스트 및 반도체 제품 가공, 조립 등을 영위 중이다. 주 고객은 SK하이닉스로 지난해 기준 전체 매출의 약 94%를 차지하고 있다. 지난해 8월에는 자동차 전장용 반도체 테스트 장비 등에 총 50억원 규모를 투자하며 비메모리 반도체 사업을 적극 확장하고 있다."	긍정
0	한솔홀딩스	004150	82	129	65	2188	75	722	3,215	코스피	1,351억원	코스피 582위	포장재,종이와목재	4.11배	0.25배	6.15%	6.61배	3.73%	강달러에 펄펄나는 한솔제지, 영업이익 360% 껑충	"한솔제지가 강달러 영향으로 어닝서프라이즈(깜짝 실적)을 기록했다. 원·달러 환율이 급등한 가운데 해운 운임 등 비용 부담까지 줄면서 한솔제지 실적이 높은 성장세를 기록했다. 다만 소비둔화와 동시에 주요 원자재인 펄프와 에너지 비용 부담이 지속되고 있는 만큼 실적 상승세가 내년까지 이어지긴 어려울 것으로 내다봤다. 한솔제지는 올해 3분기 연결기준 잠정 영업이익이 413억2600만원으로 전년 동기 대비360.3%뛰었다고 1일 밝혔다. 이 기간 매출액은 6164억9200만원으로 36.9%늘었다. 올해 3분기까지 누적 영업이익은 1228억2900만원으로 지난해 같은 기간과 비교해 156.2%증가했고, 매출액은 1조8028억원으로 37.7% 상승했다. 증권업계에서 시장 기대치(컨센서스) 예상했던 영업이익을 소폭 뛰어넘는 깜짝실적이다. 한솔제지는 지난해 코로나19(COVID-19) 영향에 따른 매출하락으로 인한 기저효과와 대외 경제여건이 변화하면서 올해 3분기 호실적을 기록했다고 밝혔다. 특히 원·달러 환율이 급등하면서수출 비중이 높은 한솔제지 실적에 긍정적인 영향을 줬다. 이 밖에도 해운 물류여건이 개선되면서 비용부담도 줄었다. 한솔제지는 매출의 50%가량을 수출에 의존하고 있다. 올해 상반기 사업보고서에 따르면 매출액 1조287억원 중 5177억원을 미국 등 해외에서 벌어들였다. 올해 상반기 원자재 가격 인상으로 단가를 높인 가운데 환율까지 겹쳐 실적 상승세를 이끌었다. 한솔제지 관계자는 ""달러화 강세로인한 환율효과가 있었으며, 해외 수출부문에서 감열지 판매량 증가 및 수익성 향상 해상 운임 인하 효과가 반영됐다""고 말했다. 다만 한솔제지는 원자재 가격과 전기요금 등 에너지 비용이 늘어나고 있어 상승세가 지속되긴 어려운 여건이라고 분석했다. 한솔제지 관계자는 ""원가 부문에 있어 펄프와 에너지 가격이 지속적으로 상승할 것으로 예상되고 있고, 영업부문에서도 글로벌 경기 위축과 금리인상영향으로 소비 둔화가 예상되고 있어 어려운 상황이 예상된다""고 말했다. 달러화 강세가 이어지면서 올해 4분기에도 한솔제지는 호실적을 기록할 것으로 기대된다. 증권업계에 따르면 올해 한솔제지 예상 매출액은 2조400억~2조4990억원으로 지난해보다 25~36%증가하고, 영업이익도 1630억~1860억으로 같은 기간 320~360%늘어날 것으로 내다봤다. 주력사업인 인쇄용지 내·외수 판매량이 고루 증가할 것으로 분석했다. 원가부담이 실적에 미치는 영향은 제한적일 것으로 예상돼 추가 단가 인상은 어려울 것으로 내다봤다. 박종렬 흥국증권 애널리스트는 "" 기존 사업의 견조한 실적 흐름은 4분기에도 지속 가능할 것""이라며 ""향후에는 특수지·산업용지, 쌍두마차가 이끄는 실적 호조를 경험할 수 있을 전망""이라고 분석했다."	긍정	한솔제지, 3분기 영업익 413억원… 전년比 3.6배	한솔제지는 3분기 연결 기준 잠정 영업이익이 413억2600만원으로 전년 동기 대비 360.3% 증가했다고 27일 공시했다. 매출액은 6165억9200만원으로 지난해 같은 기간보다 36.9% 늘었다. 당기순이익은 전년 동기 대비 5499.4% 급증한 222억1200만원으로 잠정 집계됐다.	긍정	한솔테크닉스, 3분기 영업익 210억…흑자전환	[헤럴드경제=증권부] 한솔테크닉스는 3분기 연결기준 영업이익이 209억5800만원으로 전년동기대비 흑자전환했다고 27일 공시했다. 같은 기간 매출액은 3924억2000만원으로 0.28% 늘어난 것으로 집계됐다. 당기순이익 역시 164억7200만원으로 흑자전환했다.	긍정
0	JW중외제약	001060	54	1890	74	135	75	777	19,050	코스피	4,225억원	코스피 305위	제약	50.19배	2.16배	4.37%	51.51배	1.66%	JW중외제약, 美벤처와 항암 신약 개발한다	큐어에이아이와 공동연구 AI 기반 항암제 3개 개발 추진 `개방형 혁신` 영토 美로 확장 국내 7개사와도 공동 연구 진행 수액제 의존도 낮추기 나서 미니 장기로 불리는 오가노이드, 세포 간 택배 역할을 하는 엑소좀, 유도탄처럼 암을 찾아 공격하는 키메릭항원수용체(CAR)-NK세포 치료제…. JW중외제약이 최근 6개월간 손잡은 바이오기업의 주력 기술이다. 국내 기업과의 개방형 혁신(오픈이노베이션) 속도를높이고 있는 JW중외제약이 협력 대상을 미국으로 넓혔다. ‘수액 명가(名家)’로 불려온 JW중외제약이 수액으로 확보한 안정적 캐시카우를 활용해 글로벌 신약 개발 기업으로 도약하고 있다. ○‘개방형 혁신’ 산실 미국으로 보폭 넓혀 JW그룹은 미국 바이오기업 큐어에이아이(KURE.AI)테라퓨틱스와 인공지능(AI)을 활용해 3개 항암제를 개발하기로 했다고 1일 발표했다. 미국 오하이오에 본사를 둔 큐어에이아이는 데이비드 워드 케이스웨스턴리저브대 교수, 황태현메이오클리닉 교수 등이 공동 창업한 AI 기반 신약 회사다. JW중외제약은 이 회사와 함께 기존 면역관문억제제가 잘 듣지 않는 암 환자를 위한 새 신약 물질을 찾을 계획이다. 큐어에이아이는 JW중외제약 신약 후보물질의 임상 성공률을 높이기 위한 전략도 함께 세울 계획이다. JW신약 연구법인인 JW크레아젠은 큐어에이아이 도움을 받아 새 CAR-NK세포 치료제 후보물질을 발굴한다. JW그룹은올해 7월 국내 제약사 중 처음으로 미국 최대 바이오헬스 벤처캐피털(VC)인 아치벤처파트너스와 손을 잡았다. 큐어에이아이는 JW그룹이 신약 개발 협력을 약속한 첫 미국 기업이다. 아치벤처파트너스는 일루미나, 앨라일람 등 미국 주요 기업 투자자로 참여한 회사다. ○수액제 캐시카우로 신약 사업 다각화 1959년 국내 첫 수액을 개발한 뒤 60년 넘게 JW중외제약 앞엔 ‘수액제 1등 기업’이란수식어가 붙었다. 이 회사의 지난해 주요 수액제 매출은 2197억원으로 전체 매출의 37%를 차지했다. 돈 안 되는 필수의약품을 공급해 의료 주권을 지키고 있지만 ‘높은 수액 의존도’는 한계가 됐다. 신약에 비해 높은 성장성을 기대하긴 어려워서다. JW중외제약이 신약 개발 효율을 높이는 개방형 혁신에 집중하는 배경이다. 1992년 일본 주가이와 세운 C&C신약연구소는 그 시작이었다. 2001년미국 시애틀에 개설한 뒤 샌디에이고로 옮긴 JW세리악은 글로벌 개방형 혁신의 전초기지다. 이를 기반으로 탈모치료 후보물질 ‘JW0061’, 표적항암제 ‘JW2286’, 아토피피부염 치료제 ‘JW1601’ 등을 확보했다. 본격적 체질 전환을 알린 것은 지난해부터다. ‘연구개발(R&D) 중심 경영체제 전환’을 선언하고 작년 영업이익(334억원)의 2배가 넘는 850억원을 올해 연구개발비로 쏟아부었다. 연구소와 병원 등에 집중된 협력의 중심축은 바이오기업으로 옮겨갔다.단백질 분해 기술(TPD)을 가진 보로노이, AI 기업인 신테카바이오·온코크로스·디어젠 등과 손잡았다. 박찬희 JW그룹 최고기술책임자(CTO)는 “앞으로도 전문화된 혁신 R&D 플랫폼을 가진 해외 기업과 공동 연구를 확대해 나갈 것”이라고 했다.	긍정	JW중외제약, 혈우병 환자 위한 ‘헴리브라’ 앱 업데이트	[헤럴드경제=손인규 기자]JW중외제약이 혈우병 환자의 투약 정보 제공을 강화하기 위해 ‘헴리브라’ 앱 기능 업데이트를 진행했다. 헴리브라는 A형 혈우병 예방요법제 헴리브라를 처방받은 환자들을 위해 질환 교육과 약물 투여 안내를 지원하는 앱. JW중외제약이 희귀질환에 대한 사회적 관심을 높이고 환자들의 질환 극복을 돕기 위해 기획된 ‘브라보 캠페인’의 일환으로 개발했다. 환자들은 헴리브라를 통해 질환정보, 투약관련 제품 정보 등을 확인할 수 있고, 투약·주사일지 작성을 설정할 수 있다. 업데이트된 앱은 투약 주기와 부위 정보를 알람을 통해 한눈에 확인할 수 있다. 헴리브라 투약가이드에서 권고하는 투약 방법처럼 지난 주사 부위와 다른 곳에 주사할 수 있도록 이전 피하주사 부위 정보를 총 3회 알려준다. 또, 홈 화면에 ‘주사일지 작성하기’ 버튼이추가돼 투약 후 주사일지를 손쉽게 작성할 수 있다고 회사 측은 설명했다.	긍정	JW중외제약, 우선주 상장 유지 위해 100억원 유증	"이달 20억원 자본금으로 SPC 제이온포인트 설립 우선주 상장 유지 요건인 20만주 기준 위해 증자 납입 비용으로 기존 차입금 상환…재무구조 개선 ""기존 주주 피해 막고 남는 자금은 R&D에 투입"" [이데일리 김새미 기자] JW중외제약(001060)이 내년 우선주 상장 유지를 위해 특수목적법인(SPC)을 통해 100억원을 지원 받기로 했다. 21일 금융감독원에 따르면 JW중외제약은 JW중외제약우(001065)와 JW중외제약(001060) 2우B의주식수를 늘리기 위해 각각 44억원, 56억원 등 총 100억원 규모의 제3자 배정 유상증자를 결정했다. 이번 증자를 통해 JW중외제약의 우선주와 우선주2B는 각각 32만5655주, 20만주로 늘어나게 된다. 이번 증자는 금융당국이 우선주 상장폐지 조건에 대해 발표했던 시점부터 예견된 일이었다. 금융위원회는 이달부터 우선주 상장주식수 기준을 20만주, 시가총액 기준을 20억원 미만으로 바꿨다. 앞서 1998년 3월9만3028주를 발행한 JW중외제약2우B는 지난해 말 첫 증자를 실시했다. 금융위원회가 올해 10월까지 우선주 상장 주식수가 10만주 미만일 경우 시장에서 퇴출하겠다는 우선주 퇴출 요건을 내놨기 때문이다. JW중외제약은 지난해 말 JW홀딩스(096760)를 대상으로 4억원 규모의 제3자 배정 유상증사를 실시했다. 당시 JW중외제약2우B는 6972주를 증자함으로써 관리종목 지정 위기에서 벗어났다. 그러나 이번에 우선주의 상장주식수 기준이 10만주에서 20만주로늘어나게 되면서 다시 증자할 필요성이 생겼다. 이번 유증의 제3자 배정 대상자는 이달 자본금 20억원에 설립된 SPC 제이온포인트다. 제이온포인트의 지분은 한성권 JW홀딩스 대표이사와 황미경 씨가 50%씩 보유하고 있다. JW홀딩스를 통해 유증을 받는 방식이 아니라 SPC를 통해 우회적으로 우선주를 증자하는 방식을 택한 셈이다. JW중외제약은 이번 유증을 통해 우선주 주식 수량을 맞추는 것은물론, 차입금 비중을 낮춤으로서 재무구조를 개선할 수 있을 것으로 기대하고 있다. JW중외제약은 올해 상반기 말 기준으로 총 차입금이 2394억원으로 차입금 의존도가 38.4%를 기록했디. JW중외제약의 차입금은 2020년 1601억원에서 2021년 2126억원으로 증가했다. 올해 상반기에는 2394억원으로 늘어나면서 차입금 의존도가 더욱 높아진 상태다. JW중외제약은 이번 유증을 통해 조달 받은 자금을 기존 차입금 상환과 연구개발(R&D)에활용할 계획이다. JW중외제약은 최근 3년간 연구개발비로 407억원(2019년), 507억원(2020년), 506억원(2021년)을 사용해 왔다. 올해 상반기에는 연구개발비를 263억원을 집행하면서 지난해보다 늘어날 것으로 예상되는 상황이다. 다만 총 차입금 액수가 많기 때문에 유증 자금이 실질적으로 R&D까지 투입될 가능성이 높진 않다. JW중외제약 관계자는 “이번 유증을 통해 우선주 주식 수량을 늘림으로써 기존 주주들의 피해를 막을 예정”이라며 “JW중외제약은이번에 납입되는 금액을 통해 기존 차입금을 갚아 재무구조를 개선하고, R&D 자금으로 활용할 수도 있을 것”이라고 말했다."	중립
0	대우건설	047040	49	2115	73	323	75	776	4,460	코스피	1조 8,537억원	코스피 140위	건설,건축제품,건축자재	3.69배	0.53배	12.23%	18.54배	-%	GTX B노선, 대우건설 품에 안기나...1차 입찰서 단독입찰	현대건설-포스코건설 등 경쟁사와 연합 형성 국토부 내달까지 추가 공모...내년 초 우선협상대상자 선정 [이데일리 박종화 기자] 대우건설 컨소시엄이 수도권 광역급행철도(GTX) B노선 수주를 향해 한발 더 다가섰다. 국토교통부는 GTX B노선 민자구간 사업권 입찰이 대우건설 컨소시엄 단독입찰로 유찰됐다고 1일 밝혔다. 국토부는 내달까지 사업제안서를 추가 접수한 후 내년 1월 우선협상대상자를 선정할 계획이다. GTX B노선은인천 연수구 인천대입구역과 경기 남양주시 화도읍 마석역을 잇는 광역급행철도 노선이다. 이 가운데 서울 용산역~상봉역은 재정사업으로, 나머지 구간은 민자사업으로 추진한다. 2024년 착공해 2030년 개통하는 게 목표다. 국토부가 추산한 GTX B노선 민자사업 규모는 2020년 기준 3조8421억이다. 사업자는 40년간 운영권을 가진다. 대우건설 컨소시엄은 입찰 공고부터 가장 강력한 수주 후보로 꼽혔다. 최대 경쟁자로 꼽히던현대건설과 포스코건설, DL이앤씨 등을 컨소시엄에 참여시키는 데 성공했기 때문이다. 이 때문에 대우건설 컨소시엄에 맞서려고 해도 마땅한 대형 건설사를 찾기가 어려워졌다. 여기에 신한은행도 재무투자자(FI)로 컨소시엄에 합류했다. GTX B노선 열차가 6량으로 A·C노선(8량)보다 적어 사업성이 떨어진다는 점도 경쟁이 느슨한 이유로 꼽힌다. 최대 관심사였던 추가 역 설치는 아직 확정되지 않은 것으로 알려졌다. 대우건설 컨소시엄은추가 역 설치를 두고 일부 지자체와 협의했으나 확답을 주지 않았다. GTX B노선 추가 정차역으론 인천 청학역과 원인재역, 경기 구리시 갈매역 등이 꼽힌다. 국토부 관계자는 “우선협상대상자 선정 후 적극적인 협상을 통해 2024년 착공이 차질없이 추진되도록 하겠다”고 밝혔다.	긍정	"49돌 맞은 대우건설 ""안전 원칙 속 새로운 변화 실현"""	[파이낸셜뉴스] “안전이란 기본 원칙 속 새로운 변화를 실현하겠다.” 대우건설은 앞서 지난달 28일 ‘뉴 비전·안전 원년 선포 및 창립 49주년 기념식’을 열고 새로운 비전(NEW VISION) ‘고객의 꿈을 실현하는 기업(Your Dream, Our Space)’을 선포했다고 1일 밝혔다. ■ 건설분야를 넘어 새로운 가능성 열겠다 백정완 대우건설 대표이사는 이날 행사에서 이 같이 밝히며 대우건설의 미션선언문을 통한 중장기 로드맵을 제시했다. 백 대표이사는 “대우건설은 향후 건설뿐만 아니라 새로운 분야로의 무한한 확장 가능성을 담고 있으며, 가치 있는 환경과 공간의 창조자로 변모할 우리의 새로운 모습을 표현하고 있다”면서 “이를 반영한 새로운 비전은 고객은 물론 우리 임직원들의 꿈을 실현하기 위해 노력하는 기업으로서의 지향점을 그리고 있다”라고 말했다. 이날 공개된 미션선언문은 ‘모든인류에게 더 나은 삶의 질을 제공할 수 있도록, 건설 그 이상의 가치 있는 환경과 공간을 창조한다’는 내용을 골자로 하고 있다. 이 같은 내용을 담은 미션선언문과 새로운 비전은 △경영진 인터뷰를 통해 비전 수립 컨센서스 및 방향성 설정 △현장 직원 대상 회사의 바람직한 미래상에 대한 의견 수렴 △전 임직원 대상 비전 슬로건공모 등을 통해 선정된 안을 놓고, 경영진과 임직원들간의 지속적인 커뮤니케이션 과정을 거쳐 완성됐다. ■ 창립 50돌 맞는 2023년 ‘안전 원년’으로 또한 대우건설은 이날, 창립 50주년을 맞는 2023년을 ‘안전 원년’으로 삼겠다는 의지도 함께 밝혔다. 이날 행사에는 정창선 중흥그룹 회장도 참석해 힘을 보탰다. 특히 안전과 관련된 사항은 정찬선 중흥그룹 회장이 대우건설을 인수할올해 초 당시 최우선 과제로 제시한 부분이기도 하다. 정창선 중흥그룹 회장은 축사를 통해 “창사 50주년을 맞는 내년은 대우건설과 중흥그룹이 함께 ‘안정 속 성장’이라는 변함없는 신념과 원칙 아래 본격적인 도약을 하게 될 새로운 기회이자 시작점이 될 것”이라며 “백정완 대표이사를 비롯한 대우건설 가족들의 저력을 믿고 초일류 건설그룹으로 나아감에 있어 모든 지원을 아끼지않겠다”고 말했다. 백 대표이사는 “다가오는 2023년을 위기를 기회로 바꾸는 원점이자 안전 원년으로 선포한다”며 “안전이라는 기본과 원칙을 지키면서 새로운 미션과 비전 슬로건 아래 하나가 되어 앞으로 나아간다면 머지않아 대우건설은 미래를 선도하는 기업, 더 나은 가치를 창출하는 기업이 되어있을 것”이라고 강조했다. 한편, 대우건설 본사가 위치한 서울 중구 을지트윈타워 3층 푸르지오 아트홀에서 열린이 날 행사에는 중흥그룹 정창선 회장, 정원주 부회장을 비롯해 대우건설 백정완 대표이사, 집행임원, 노동조합위원장을 비롯해 본사 임원, 팀장 및 직원대표 등 220여명이 참석했다. 뉴 비전·안전 원년 선포식 직후 열린 창립 49주년 기념행사에서는 백 대표이사와 심상철 노조위원장이 최근 제정한 인권경영헌장을 선포하고 노사공동 서약을 맺었다.	중립	비에이치아이, 대우건설과 LNG 발전설비 공급 계약	[이데일리 이은정 기자] 비에이치아이(083650)는 대우건설과 ‘LNG 복합화력 발전설비 공급계약’을 체결했다고 31일 공시했다. 계약기간은 2022년 10월28일부터 2027년 5월25일까지다. 계약금은 유보기간 종료 후 공시 예정이다. 유보사유는 경영상 비밀 유지다.	긍정
0	스카이라이프	053210	72	332	68	1705	78	394	8,300	코스피	3,969억원	코스피 316위	미디어	6.98배	0.48배	7.04%	8.68배	4.22%	“제2의 우영우 만든다” KT그룹 산하 12개 채널 가진 스카이라이프TV 출범	스카이TV-미디어지니 합병 CJ ENM 이어 단숨에 업계 2위 넷플릭스 점유율 가져오는 것 목표 KT그룹의 종합방송채널사용사업자(MPP)인 스카이라이프TV가 미디어지니를 흡수합병해 1일 공식 출범했다. 스카이TV와 미디어지니의 통합 브랜드인 ENA는 지난 여름 방영한 ‘이상한 변호사 우영우’의 흥행을 바탕으로 이번 합병을 통해 브랜드 가치를 더욱 높이겠다는 목표를 세웠다. 스카이라이프TV는 이번 합병으로 단숨에 채널 12개를 가진대형 MPP로 성장했다. 15개 채널을 가진 CJ ENM에 이어 2위로 올라선 것이다. 스카이라이프TV, 12개 채널 확보해 업계 2위 이상한 변호사 우영우가 공전의 히트를 기록하면서 KT는 미디어 시장에서 존재감을 드러내고 있다. 다만 현재까진 CJ ENM이 시청 점유율 부분에서 압도적인 상황이다. 시청률 조사업체인 AGB닐슨에 따르면 지난해 기준 스카이라이프TV 시청 점유율은 2.1%였던 반면CJ ENM은 12.9%로 1위였다. 그 이외에는 MBC 계열이 4.9%, SBS와 KBS 계열이 각각 4.3% 수준이었다. 이번 합병으로 스카이라이프TV가 매출 면에서 당장 비약적으로 성장하지는 않을 것으로 보인다. 미디어지니가 규모가 큰 회사는 아니기 때문이다. 지난해 기준 미디어지니의 연매출은 223억원에 불과한데, 스카이라이프TV는 7000억원 이상에 달한다. 합병으로 거둘 수 있는 가장 큰 효과는 스카이라이프TV가대형 MPP로 거듭나면서 경쟁력을 높일 수 있다는 점이 꼽힌다. MPP는 채널 수를 많이 갖고 있을수록 선택지나 협상력이 늘어나기 때문에 기존보다 광고 매출이나 콘텐츠 제작 등에 있어서 선순환 구조를 이룰 수 있다. 실제로 스카이라이프TV는 드라마 우영우 인기로 지난 2분기에 분기 기준 최대인 153억원의 광고수익을 올렸다. 이번 합병을 통해 ENA의 브랜드 가치를높이는 것은 물론 채널 수입을 극대화하는 것까지 노릴 수 있다. 만약 스카이라이프TV가 내년 기업공개(IPO)에 성공해 자금을 추가로 조달하게 되면 공격적인 콘텐츠 투자를 할 수 있다. 다만 ENA 이외에 남은 채널을 어떻게 브랜딩화 하느냐가 남은 숙제다. 앞서 지난 4월 KT는 스카이라이프TV와 미디어지니의 주요 채널 중 4개를 선별해 ENA 브랜드로 개편하면서 ENA와ENA플레이는 스카이라이프TV가, ENA드라마와 ENA스토리는 미디어지니가 운영해왔다. 그 이외의 나머지 채널을 어떤 포트폴리오로 구성하느냐가 관건이라는 것이다. CJ ENM도 지난 2020년부터 산하 채널을 tvN으로 브랜드화하는 작업을 하고 있다. 주로 예능프로그램을 다루는 tvN과 더불어 tvN 스토리, tvN 드라마, tvN 무비, tvN 쇼 등으로 묶어 나가는 식이다. 예컨대 지난 5월 CJ ENM은 기존에 운영했던라이프스타일 채널인 ‘Olive’를 없애고 남성 시청자층을 겨냥한 스포츠 전문 채널 tvN 스포츠를 개국했다. 스카이라이프TV도 합병 후 이런 작업이 필요하다는 것이다. KT-CJ ENM, OTT 손잡고 넷플릭스 대항 KT는 OTT 시장에서 CJ와 협력관계를 유지하고 있다. 지난달 31일 공정거래위원회는 KT의 OTT 서비스 ‘시즌’과 CJ ENM ‘티빙’에 대한 합병을 승인했다. 사실상 ‘한국판 공룡 OTT’가탄생하는 셈이다. KT와 CJ의 협력은 ‘넷플릿스’라는 거대한 공공의 적이 있기 때문에 가능했다. 두 회사가 합병하면 유료 구독형 OTT 시장에서 점유율 2위 사업자가 되지만 1위인 넷플릭스의 절반에도 미치지 못하는 수준이다. 월간활성이용자(MAU) 수만 봐도 올해 1∼9월 평균 시장 점유율은 티빙과 시즌이 각각 13.07%, 4.98%였던 반면 넷플릭스는 38.22%에 달했다. 티빙과 시즌의 점유율을 합치면18.05%로 업계 2위로 올라서지만 넷플릭스에는 크게 못 미치는 것이다. 실제로 KT는 인기 드라마 우영우를 시즌이 아닌 넷플릭스에 공급했는데, 넷플릭스에 비해 자본력이 부족한 것은 물론 시즌을 통해 시청하는 사람보다 넷플릭스로 시청하는 사례가 압도적으로 높기 때문이었다. 시즌과 티빙은 합병을 통해 OTT 시장에서 넷플릭스의 점유율을 가져오는데 주려갛고 있다. 공정위도 두 회사의 합병을 승인하면서“티빙과 시즌이 합병하더라도 점유율이 넷플릭스의 절반에도 미치지 못하고, 구독자의 수요도 가격 탄력적이어서 합병 OTT가 단독으로 구독료를 인상하기는 여의치 않을 것으로 봤다”고 밝혔다.	긍정	KT스카이라이프, 친환경 셋톱박스로 ESG 경영 강화	KT스카이라이프가 친환경 셋톱박스 제작 확대에 나서며 ESG(환경·사회·지배구조) 경영 활동을 강화한다. 스카이라이프는 지난 27일 동대문 노보텔에서 열린 KT 파트너스 데이에서 ‘KT-LG화학, 친환경 임대 단말 생산 체계 구축을 위한 업무 협약’에 그룹사로 참여했다고 28일 밝혔다. 참여사들은 친환경 SCM 프로세스 도입을 통해 ESG 경영을 강화하며 셋톱박스 등 폐기 케이스 재활용으로 100% 자원 순환체계를 구축하는데 협력하기로 했다. 스카이라이프를 포함한 KT와 HCN 등 KT그룹사는 셋톱박스 등 제품 폐기 시 LG화학과 함께 리사이클 과정을 거친다. 재사용이 가능한 원료를 추출해 친환경 셋톱박스로 재생산해 임대 단말 케이스의 생산-폐기-재활용으로 이어지는 선순환 프로세스를 완성한다. 스카이라이프는 지난 11일 인천대교 기념관 부근 제방에서 임직원들이 참여해 해양 폐플라스틱을 수거하는 비치코밍 행사를 진행했다.당시 수거한 폐플라스틱 중 투명 페트병을 선별해 친환경 셋톱박스의 원료로 재활용한다는 계획을 밝힌 바 있다. 올해 생산 예정인 셋톱박스 중 약 1만대를 친환경 셋톱박스로 제작하고, 내년부터는 금번 업무 협약을 통해 그 규모를 크게 늘려나갈 방침이다. 김철수 KT스카이라이프 사장은 “친환경 임대 단말 생산 체계 구축을 위한 사업 협력에 그룹사로 참여하게 돼기쁘다”며 “앞으로도 스카이라이프는 사회적인 책임을 다한다는 소명 의식을 갖고, 다양한 ESG 경영 활동을 추진해 나가겠다”고 말했다.	중립	KT스카이라이프, e커머스몰 `스카이라이프 샵` 연다	600여개 라인업…고객들 `SKY 쿠폰` 사용 가능 KT스카이라이프가 스카이라이프 고객을 위한 e커머스몰 ‘스카이라이프 샵(Shop)’을 오는 25일 오픈한다고 24일 밝혔다. 스카이라이프 샵은 백화점 상품권 및 식음료 모바일 교환권, 최신 전자기기, 최대 60개월 가전 할부 서비스, 1인가구 맞춤형 홈솔루션 제품 등 총 600여개 상품으로 구성됐다. 고객은 자사 상품(방송·인터넷·모바일) 가입 시 받은 ‘SKY쿠폰’을 사용해저렴한 가격에 쇼핑을 즐길 수 있다. 또한 소셜네트워크서비스(SNS) 채널을 연계한 간편 가입 서비스를 제공해 고객 편의성을 높였다. 매주 오늘의 특가 기획전도 진행한다. 매주 화요일 오전 10시 ‘타임세일’을 진행해 ‘애플 에어팟 프로 2세대’, ‘애플 아이패드 에어 5세대’, ‘제네바 디콘M 월넛 스피커’, ‘닌텐도 스위치’ 등 인기 전자기기를 한정수량 할인된 특가에 선보인다. 아울러스카이라이프 전용관을 통해 리모컨과 와이파이 등 미디어 제품들도 만나볼 수 있다. 론칭 기념 특별 이벤트로 스카이라이프 샵 홈페이지 신규 회원가입을 진행한 고객 선착순 1000명에게 ‘비타500’ 모바일 쿠폰을 제공한다. 해당 쿠폰은 이벤트는 종료와 함께 공식 홈페이지 공지사항에 안내되며 11월 30일 일괄 발송될 예정이다. 정훈 KT스카이라이프 마케팅서비스본부장은 “방송 플랫폼 KT스카이라이프의 자체 e커머스몰운영을 통해 KT스카이라이프의 브랜드 경험을 커머스 영역으로 더욱 확대할 계획”이라고 밝혔다.	중립
0	F&F	383220	89	40	66	2075	78	327	148,500	코스피	5조 6,886억원	코스피 49위	의류	14.04배	8.63배	58.39%	49.13배	0.74%	F&F, 3분기 영업이익 1384억원...전년비 45% ↑	MLB와 디스커버리 등을 전개하는 의류업체 F&F가 3분기 시장 기대치를 뛰어넘는 깜짝 실적을 기록했다. 중국의 경기침체에도 주요 브랜드 제품의 판매 호조와 디지털 전환이 더해지며 호실적을 낸 것으로 풀이된다. F&F는 올 3분기 매출 4417억원, 영업이익 1384억원으로 전년 동기 대비 각각 34%,  45% 증가했다고 1일 공시했다. 같은 기간 순이익은 1095억원으로 54.1% 늘었다.이는 금융 정보업체 에프앤가이드가 집계한 시장 전망치 평균(컨센서스)이었던 영업이익 1240억원을 뛰어넘은 어닝서프라이즈를 시현한 것이다. F&F는 지난 5월 F&F홀딩스로부터 인적분할된 회사로 MLB, 디스커버리, 스트레치엔젤스, 듀베티카 등을 전개하고 있다. F&F 매출액의 대부분은 MLB와 디스커버리에서 발생하는 것으로 알려졌다. 라이센스 브랜드 MLB는 한국 연예인들이 많이 착용하면서 중국에서 인기를 누리고 있다. 중국의 MLB 매장 수는지난 9월 말 기준 817개로 연초 목표치였던 800개를 넘어섰다. 삼성증권에 따르면 MLB는 지난해 중국 진출 2년 만에 중국 패션 브랜드 소매판매액 상위 34위를 기록했다. 최지호 삼성증권 연구원은 “통상 경쟁사들이 40위 내에 진입하기까지 4년 이상 시간이 걸렸음을 고려할 때 모든 글로벌 업체들을 통틀어 가장 빠른 점유율 확대”라고 평가했다. 이어 “MLB는 중국젊은 세대 소비의 직접적인 수혜를 받으며 올해 브랜드 순위 18위까지 상승하고 향후 점유율 확대를 가속해 나갈 것”이라고 예상했다. F&F 관계자는 “일찍부터 도입한 디지털 트랜스포메이션 전략 덕분”이라며 “상품 기획부터 생산, 운반, 소비자와의 커뮤니케이션 등 패션 비즈니스 전 과정을 디지털 시스템화하면서 글로벌 시장 확대와 고효율 경영을 이끌어냈다”고 설명했다.	긍정	"""같은 리오프닝株 아니었어?""…F&F만 `밝음` [증시프리즘]"	<앵커> 증시프리즘 시작합니다. 증권부 문형민 기자와 함께 합니다. 문 기자, 증시 상황 먼저 전해줄까요? <기자> 오늘(28일) 우리 증시는 ‘잠깐 쉬었다 갑니다’라고 평가할 수 있겠습니다. 이번 주 들어 어제(27일)까지 코스피 지수는 3.4% 올랐는데요. 오늘은 숨 고르기에 들어간 모양새입니다. 기관이 홀로 매수에 나섰으나, 개인과 외국인이 함께 팔아치우자 하락 마감한 겁니다. 특히 5거래일연속 순매수로 일관했던 외국인은 잠시 방향을 틀며 2천억원 가까이 매도했습니다. <앵커> 외국인이 갑자기 방향을 바꾼 이유 먼저 알아볼까요? <기자> 미국이 아직 경기침체에 빠지지 않았다는 지표가 나왔기 때문입니다. 간밤 미국은 3분기 국내총생산(GDP) 성장률을 발표했는데요. 2.6%로 집계되며 시장예상치인 2.3%를 웃돌았습니다. 그리고 지난 1분기와 2분기 각각 -1.6%, -0.6%를 기록했는데, 플러스로 전환했습니다. 이렇게 미국경제성장이 견고한 것으로 드러나자 미국 연방준비제도(Fed)의 금리 인상 속도 조절 기대감이 다소 약화된 것으로 풀이됩니다. 결국 달러화 약세 역시 오늘은 제한적인 모습을 보이며 1,420원 위로 다시 올라왔습니다. 이에 외국인 수급은 줄어든 것으로 보입니다. <앵커> 그렇군요. 그동안 연준의 금융 정책변화, 피봇에 대한 기대감이 우리 시장에 호재로 작용했는데, 갑자기 이게 사라진 거네요.종목 이야기로 돌아와 보죠. 우리 증시에서 주목할 만한 종목은 어떤 건가요? <기자> 리오프닝 관련주입니다. 항공, 호텔, 화장품, 의류 등 다양하게 있는데요. 이 가운데 오늘 화장품 업종의 주가 하락세가 눈에 띄었습니다. LG생활건강은 하루에만 4.4% 하락 마감했습니다. 어제 장 마감 이후 발표한 3분기 실적이 발목을 잡았습니다. 이번 3분기 영업이익은 1,901억원으로 지난해 같은기간보다 무려 44.5%나 감소했습니다. 당장 다음 주 월요일 실적 발표를 앞둔 아모레퍼시픽 역시 지난해보다 반토막이 날 것으로 전망됩니다. 이에 따라 아모레퍼시픽 주가 역시 1%대 하락률을 보였습니다. <앵커> 화장품 기업들이 3분기 아쉬운 성적표를 받았네요. 4분기에는 실적 개선을 기대해도 되는 겁니까? <기자> 4분기에 중국 광군제, 미국 블랙프라이데이와 같은 대규모 쇼핑 이벤트가 있지만전망은 그리 좋지 않은 상황입니다. LG생활건강과 아모레퍼시픽의 해외 매출에서 중국이 차지하는 비중은 50~70% 수준입니다. 최근 시진핑 중국 국가주석이 3연임을 확정하지 않았습니까? 이에 ‘제로(0) 코로나’ 정책은 유지될 것으로 보이면서 중국의 소비 부진은 당분간 이어질 전망입니다. 또 중국이 자국제품을 주로 사는 ‘애국소비’가 늘어나고 있는 점, 원자재 가격이 상승한 상태에서 아직 진정되지 않은점 등 먹구름이 많이 껴있다는 평가입니다. <앵커> 리오프닝 섹터의 기대주였던 화장품이 고전하고 있는 모습입니다. 같은 리오프닝주로 분류되지만 실적도, 주가도 고공행진하고 있는 곳이 있다고요? <기자> 네, 의류업을 하고 있는 F&F입니다. 주가는 오늘 하루 동안 5% 가까이 올랐습니다. 아직 3분기 실적이 나오지는 않았습니다만, 시장 전망이 상당히 밝습니다. ‘아무리 봐도 야박한 밸류에이션’이라는 제목의증권사 보고서가 나올 정도입니다. 증권업계는 F&F가 1,329억원의 영업이익을 기록할 것이라고 예상했는데요. 1년 사이 38.9% 상승한 수준입니다. 특히 화장품 기업들과 달리 중국 매출 개선이 빠르게 이뤄지고 있습니다. 중국발 매출액은 1년 사이 46% 상승할 것으로 관측됩니다. 또 F&F가 인수합병(M&A)를 통해 유럽과 미국 사업을 본격적으로 시작했는데요. 이 점도 그간의 중국 의존도를 낮추고 또전체 실적의 몸집을 키우는 역할을 하고 있습니다. 이러한 이유로 4분기 영업이익은 2,236억원, 연간 영업이익은 5,861억원을 기록할 전망입니다. <앵커> 알겠습니다. 다음 주 주목할 만한 일정은 어떻게 되나요? <기자> 미국 현지시간 2일 연방공개시장위원회(FOMC) 회의가 열립니다. 11월에는 기준금리를 0.75%p 올릴 것으로 보이는데요. 저희가 주목해야 하는 건 12월부터 금리 인상 속도를 조절할 것인지에 대한여부입니다. 연준 위원들은 특히 고용시장 침체가 가시화된다면 이에 발맞춘 금융정책 변화가 필요하다고 언급해왔습니다. FOMC 회의에 앞서 1일에 9월 구인 및 이직 보고서가, 또 2일에 10월 ADP취업자 변동 지표가 나오는데요. 해당 지표들이 고용시장 악화를 보여준다면 연준의 금리 속도조절론은 다시 힘을 받을 것으로 보입니다. 뿐만 아니라 다음 주에는 미국의 AMD, 화이자, 이베이,퀄컴, 스타벅스 등이 실적을 발표하고요. 우리나라의 경우 아모레퍼시픽, SK바이오사이언스, 한화, KT&G, 하이브, 카카오, SK이노베이션 등이 3분기 실적을 내놓습니다. <앵커> 네, 잘 들었습니다. 증권부 문형민 기자였습니다.	중립	"""3분기 호실적 전망""…F&F `강세`"	"F&F가 3분기 호실적과 저평가됐다는 분석에 장 초반 강세다. 24일 오전 9시 17분 현재 F&F는 전 거래일 대비 5,000원(+3.68%) 오른 14만1,000원에 거래 중이다. 이날 신한투자증권은 24일 관해 해외 모멘텀이 유효함에도 밸류에이션이 너무 낮은 수준이라며, 투자의견 `매수`와 목표주가 25만 원을 유지했다. 박현진 신한투자증권 연구원은 ""지난달 국내 일부 백화점 성장률이 한자리 후반으로 급격하게둔화되면서 가계 부채 부담 증가로 국내 소비 둔화가 본격화되는 것인지에 대한 우려가 커졌다""며 ""작년 9월 소비 베이스가 높아 추세적인 소비 둔화인지는 지켜봐야 한다""고 분석했다. 이어 ""F&F는 패션업종 대장주로써 국내 캐주얼 조닝에서 높은 입지를 가지고 있다""며, ""세르지오 타키니와 테일러메이드의 연결 자회사 반영을 통한 신성장 모멘텀 확보는 중장기 성장을 이어나가는 데 기여할것""이라고 덧붙였다. 박 연구원은 ""인수합병(M&A)로 유럽·미국향 사업을 포함하게 된 점도 타깃 밸류에이션을 높게 유지해야 하는 이유 중 하나""라며, ""내수 기업이라고 치부하기엔 해외 이익 기여가 40% 이상으로 커졌고, 타 해외 소비 수혜주와 비교할 때 밸류에이션이 너무 낮다""고 설명했다. 신한투자증권은 F&F의 3분기 연결기준 매출액을 지난해 같은기간 대비 32.5% 증가한 4,357억 원, 영업이익은38.9% 늘어난 1,329억 원으로 추정했다. 영업이익의 경우 시장 컨센서스(1,240억 원)를 웃도는 수치다."	긍정
0	한화솔루션	009830	63	1542	70	1325	76	595	49,100	코스피	9조 3,918억원	코스피 34위	화학	32.25배	1.06배	4.09%	28.11배	0.00%	현대엔지니어링·한화솔루션, 충남에 ‘6000억원’ 투자·생산 공장 신설	현대엔지니어링과 한화솔루션이 충남에 6000억원을 투자해 생산시설을 신설한다. 1일 충남도에 따르면 현대엔지니어링은 내년 초부터 2025년 6월까지 4000억원을 들여 당진 송산2일반산업단지 9만6167㎡ 부지에 수소 생산 공장을 신설한다. 이 공장은 재활용 플라스틱을 활용해 수소를 생산하는 시설로 조성될 예정이다. 주요 공정은 전처리 플라스틱 원료 열분해해 합성가스를 생산하고 이 과정에서 발생한 이산화탄소를 포집·제거해 최종 고순도수소를 정제·생산하는 순으로 이뤄진다. 현대엔지니어링은 향후 당진 공장에서 연간 10만t의 재활용 플라스틱으로 수소 2만2000t(수소차 15만대 충전량)을 생산할 계획이다. 생산된 수소는 연료전지 발전 등 산업용과 수소자동차 충전용 수소로 공급된다. 한화솔루션은 내년 말까지 아산 탕정 테크노 일반산업단지 4만5766㎡ 부지에 유기발광다이오드(OLED) 패널 제조의 핵심 소재 생산 공장을 건설한다. 공장 신설에 투자될 예산은 2017억원이며이곳에서 생산될 소재는 OLED 디스플레이 제조 공정 중 서브픽셀에 빨강·초록·파랑 등 3색 빛깔을 증착하는 데 사용된다. 현대엔지니어링과 한화솔루션은 신규 공장 건설과 함께 충남의 지속가능한 발전을 위해 가족 친화적 기업문화 조성과 지역 인력 우선 채용, 지역 생산 농수축산물 소비 촉진 등에 협력할 예정이다. 또 도와 당진시, 아산시는 각 기업의 투자가 계획대로진행될 수 있도록 행·재정적 지원에 나설 방침이다. 도는 기업 투자가 성공적으로 진행되면 당진, 아산에서 연간 생산액 8658억원, 부가가치 1725억원 등 경제 효과가 발생할 것으로 기대한다. 특히 도는 현대엔지니어링이 공장을 본격적으로 가동하면 자원 순환과 탄소중립 실현에 크게 기여할 것으로 내다봤다. 김태흠 충남도지사는 “충남은 현대엔지니어링과 한화솔루션이 성공적으로 투자를 마무리할 수 있게 지원을아끼지 않을 것”이라고 말했다. 한편 현대엔지니어링은 1974년 설립 후 화공·전력 플랜트, 건축, 인프라, 자산관리 및 친환경·그린에너지 등 사업 영역을 확대해 현재 국내 굴지의 종합건설기업으로 거듭났다. 지난해 기준 기업 종사자는 6138명, 매출액은 7조3551억원인 것으로 알려졌다. 한화솔루션은 2020년 한화케미칼과 한화큐셀 앤드 첨단소재를 통합해 설립한 기업으로 현재 태양광 등 신재생 에너지 사업과 케미칼사업을 주력으로 기업 활동을 한다. 지난해 국내 기준 기업 종사자는 6759명, 매출액은 10조7252억원이다.	긍정	[특징주] 한화솔루션, 물적분할·유상증자 겹악재 딛고 주가 상승	[특징주] 한화솔루션, 물적분할·유상증자 겹악재 딛고 주가 상승 이미지 확대보기 한화솔루션의 지난 1년여간 주가 변동 추이. 자료=키움증권 한화솔루션은 지난 28일 임시주주총회에서 한화첨단소재(가칭) 물적분할안이 처리된데 이어 유상증자까지 발표되는 겹악재에도 불구하고 주가가 상승세를 보이고 있습니다.  한화솔루션의 주가는 31일 오전 9시 5분 현재 전일보다 200원(0.42%) 오른 4만8200원에 거래되고 있습니다.  한화솔루션은 운영자금 700억원을조달하기 위해 주주배정 유상증자를 결정했습니다. 유상증자 1주당 가격은 3만4450원이며 신주 203만2000주가 발행될 예정입니다. 신주의 유형은 기명식(구형)우선주입니다. 신주 배정주식수는 1주당 0.0085675249의 비율입니다.  한화솔루션의 유상증자 가격은 내년 1월 3일 확정되며 신주배정기준일은 12월 2일입니다. 구주주 청약 예정일은 내년 1월 6일부터 9일까지이며 납입일은 내년 1월 11일입니다. 신주는 내년 1월 25일 상장될 예정입니다.  우리사주조합원에게는 유상증자 물량의 20%가 우선배정됩니다. 대표주관회사는 NH투자증권입니다.  한화솔루션은 지난 28일 열린 임시주주총회에서 김인환 대표이사가 신규선임에 따라 대표집행임원이 이구영, 김동관, 김은수, 남이현에서 이구영, 김동관, 김은수, 남이현, 김인환으로 변경됐다고 공시했습니다.  [특징주] 한화솔루션, 물적분할·유상증자 겹악재 딛고 주가 상승 이미지 확대보기 사진=글로벌이코노믹   한화솔루션의 분기별 실적은 기복이 크지만 성장세를 보이고있습니다. 한화솔루션은 4분기에는 적자가 발생하는 패턴을 보이고 있습니다.  한화솔루션은 올해 3분기 실적을 잠정 집계한 결과 연결기준 매출액이 3조3657억원, 영업이익이 3484억원, 당기순이익이 1386억원을 기록했다고 공시했습니다.  [특징주] 한화솔루션, 물적분할·유상증자 겹악재 딛고 주가 상승 이미지 확대보기 사진=글로벌이코노믹   한화솔루션의 최대주주는 지주회사인 한화로 지분 36.35%를 보유하고 있습니다.  한화의 최대주주는 김승연회장으로 지분 22.65%를 갖고 있습니다.  한화솔루션은 외국인의 비중이 23.8%, 소액주주의 비중이 53%에 달합니다.  김대성 글로벌이코노믹 연구소장 kimds@g-enews.com  [알림] 본 기사는 투자판단의 참고용이며, 이를 근거로 한 투자손실에 대한 책임은 없습니다.	긍정	[볕드는 해외 태양광 산업] 에너지관리도 M&A, 한화솔루션의 기술 내재화 방식 태양광 진출부터 이어진 투자방식…전력 관리 솔루션 진출	[편집자주]   국내에서 태양광 산업은 정치적 이유로 부침을 겪어 왔다. 태양광 발전의 효율성부터 중국 기업이 독점하다시피 한 산업 밸류체인까지 국내 태양광 산업에 대한 의문점이 따라왔다. 그러나 미래 친환경 신재생에너지라는 점은 확실한 만큼 국내 기업의 태양광 도전은 계속됐다. 미국을 중심으로 한 대외 환경의 변화로 해외 태양광 시장이 열리고 있다. 더벨이태양광 시장에 뛰어든 기업의 현재와 미래를 짚어본다.한화솔루션은 태양광 사업을 비롯해 케미칼, 첨단소재, 갤러리아 등의 다양한 사업군을 보유하고 있었다. 올해 사업구조 재편을 통해 갤러리아와 첨단소재 사업을 분할하면 한화솔루션 사업은 에너지 중심으로 새로 꾸려지게 된다.  이를 위한 사전작업의 일환으로 한화솔루션은 올해부터 기존에 태양광으로 분류하던 사업을 신재생에너지 사업으로 재분류했다. 핵심인 태양광 사업에서나아가 수소, 풍력 등으로 사업 범위를 확대하겠다는 의지다.  이에 맞춰 한화솔루션은 에너지 생산에서 멈추지 않고 에너지를 관리하는 분야로 확장 중이다. 이 과정에서 과거 태양광 사업에 진출할 당시 활용했던 인수합병(M&A)을 통한 기술 내재화 방식을 다시 활용하고 있다. 기술 내재화의 기반은 역시 태양광이다.  ◇M&A로 진출한 태양광, 사업확대 기회로  한화솔루션은 2010년 중국 태양광 업체 솔라펀파워홀딩스를 인수하며 태양광 사업의 발을 뗐다. 2004년 설립된 솔라펀은 설립 10년이 되지도 않았지만 태양광 산업 진출 의지가 컸던 한화그룹은 솔라펀 인수를 통해 셀·모듈 생산능력을 확보하게 됐다.  이후 한화솔루션은 M&A를 통해 태양광 분야의 기술 경쟁력을 키웠다. 2012년 독일 '큐셀' 인수는 한화가 태양광 사업 분야에서 한단계뛰어오르는 계기가 됐다. 1999년 설립된 큐셀 인수로 유럽의 연구시설과 말레이시아 생산공장을 확보해 유럽과 아시아를 잇는 거점 역할을 했다.  현재 한화솔루션의 태양광 부문 브랜드인 '한화큐셀'도 이때부터 쓰이기 시작했다. 특히 독일 탈하임연구소는 지금도 핵심 연구개발(R&D) 거점으로 활용되며 판교연구소와 함께 차세대 태양광 소재를 연구하고 있다.  M&A를 통한 기술력 확보로 성장한 태양광사업은 최근 미국과 유럽을 중심으로 불고 있는 신재생에너지 확대로 새로운 전환점을 맞고 있다. 미국에서는 인플레이션법(IRA) 시행으로 셀·모듈 및 발전에 세제 혜택을 주기로 했고, 유럽에서도 러시아·우크라이나 사태에 따른 전력난으로 신재생에너지로 눈을 돌리고 있다.  ◇전력 관리 스타트업 M&A, 종합 솔루션 넘본다   한화솔루션은 이러한 사업 기회를 놓치지 않기 위해 생산시설을증설한다. 기존 국내공장의 셀 생산능력을 4.5GW에서 5.4GW로 늘리고, 미국 공장의 모듈 생산능력을 현 1.7GW에서 3.1GW까지 확대한다.  여기서 나아가 에너지 관리 분야까지 진출해 신재생에너지 관련 종합 솔루션을 제공한다는 방침이다. 이 과정에서 활용되는 것이 과거 M&A 방식이다. M&A를 통해 태양광 기술력을 확보한 것과 같이 관련 솔루션을 보유한 기업에 연이어 투자하며 기술력을내재화하고 있다.  한화솔루션은 2020년 미국 그로윙에너지랩스(GELI·젤리) 지분을 100% 인수한 데 이어 지난해에는 미국 랜시움 테크놀로지를 인수했다. 이어 올해 7월에는 독일 스타트업 '링크텍' 지분 66%를 확보했다.  이들 기업의 공통점은 태양광 전력 관리 솔루션을 제공한다는 것으로 한화큐셀이 에너지 관리 시스템까지 진출하려 한다는 점을 알 수 있다. 태양광 모듈 판매를 주수익원으로 했지만 연이은 인수를 통해 미국·유럽 현지의 태양광 전력 관리 시장에도 진출할 수 있는 발판을 마련했다.  현재 인수 회사의 시너지가 구체적으로 드러나고 있진 않지만 최근 한화큐셀이 발표한 삼성전자와의 협업을 통해 그 가능성을 볼 수 있다. 두 회사는 한화솔루션의 태양광 전력공급 시스템과 삼성전자의 히트펌프(외부 열에너지를 끌어와 사용하는 장치)를 결합해 유럽에너지 솔루션 시장에 진출한다.  에너지저장시스템(ESS), 태양광 모듈 기술을 가진 한화솔루션이 히트펌프에 태양광 전력을 공급하면 이 전력을 활용해 기존 화석연료 시설을 대체하는 방식이다. 두 회사는 유럽의 전기료 급등 사태로 현지 대체난방 시장이 연 290억달러(약 39조원)에 이를 것으로 전망하고 있다.	긍정
0	SK케미칼	285130	49	2110	70	1242	82	103	89,200	코스피	1조 5,370억원	코스피 150위	화학	11.88배	0.84배	7.30%	5.58배	3.36%	SK바이오사이언스, CGT사업 진출…글로벌 기업 인수 추진	SK바이오사이언스가 바이오 영역으로 사업을 확대한다. 코로나 펜데믹 이후 지속가능한 성장과 글로벌 기업으로 도약하기 위한 전략이다. 백신 분야에서도 기술력을 바탕으로 시장입지를 강화할 계획이다. SK바이오사이언스는 1일 서울 여의도 파크원 NH금융타워에서 국내외 애널리스트 및 기관 투자자를 대상으로 간담회를 개최하고 이 같은 내용을 골자로 하는 성장전략을 공유했다. 신규 사업으로 세포유전자 치료제 분야를 꼽았다. 관련기술을 보유한 글로벌 기업을 인수하거나 조인트벤처 설립을 추진 중이다. 세포·유전자 치료제(CGT) 전 영역에서 기술력을 확보하는 것이 목표다. 현재 주력인 백신 분야에서도 차세대 기술력 확보에 힘을 쏟는다. 글로벌 파트너들과 새로운 감염병에 맞설 백신을 100일 안에 개발해 6개월 내에 공급하는 시스템을 구축할 예정이다. 이를 위해 빌앤멜린다게이츠재단, CEPI, 국제백신연구소, 웰컴트러스트, 힐레만연구소 등 그동안구축해온 글로벌 기구 및 기관들과의 파트너십을 더욱 확대한다. 국산 1호 코로나 백신 스카이코비원은 해외 시장 진출을 준비하고 있다. 추가로 청소년 및 소아 임상을 통해 접종 대상을 확대할 예정이며 변이주를 포함하는 다가(多價) 백신, 독감 등과의 콤보(Combo) 백신도 개발하고 있다. 비강 스프레이 형태의 의약품 개발도 진행 중이다. 시장 점유율이 높은 다른 제품군의영업도 강화한다. 팬데믹 극복을 위해 일시적으로 생산을 중단했던 독감백신 ‘스카이셀플루’는 내년부터 공급이 정상화된다. 이 백신은 국내 시장점유율 1위이다. 또 수두백신인 ‘스카이바리셀라’과 대상포진백신 ‘스카이조스터’도 국가예방접종(NIP) 시장을 고려해 영업 경쟁력을 확보해가고 있다. 글로벌 파트너들과의 연계 사업도 지속 확장한다. 2020년 8월부터 이어온 노바백스와의 코로나19 백신 위탁개발생산(CDMO) 계약을 연장하고 글로벌 CMO·CDMO 파트너사도 추가 확보할계획이다. 사노피 파스퇴르와 공동개발중인 폐렴구균백신 개발에도 속도를 블록버스터 제품으로 키울 계획이다. R&D와 생산 인프라의 질적·양적 확충도 진행중이다. 인천 송도에는 ‘글로벌 R&PD 센터’를 설립, 글로벌 네트워크의 거점 역할을 수행하고 바이오의약품 전 영역의 인프라를 순차적으로 확보할 예정이다. 경북 안동에 위치한 백신 생산시설인 ‘안동 L-House’ 또한 대규모 확장을 통해 현재 대비 최대 5배까지생산역량을 확장하고 기존 EU-GMP 등에 더해 미국 cGMP와 같은 세계 최고 수준의 생산시설 인증을 확보해 선도적 역량을 입증할 계획이다. 안재용 SK바이오사이언스 사장은 “모두가 어렵다고 할 때 인류에 공헌하겠다는 사명감을 갖고 묵묵히 매진한 결과 지금의 SK바이오사이언스가 만들어질 수 있었다”며 “이젠 글로벌 백신·바이오 산업의 일류 기업으로 도약할 준비를 하는 만큼 공중보건 수호를위한 생태계 조성에 앞장서고, 넥스트 팬데믹 대응의 주역이 될 수 있도록 전략적 투자를 아끼지 않겠다”고 말했다.	긍정	"""부진한 실적""…SK바이오사이언스 `약세`"	"SK바이오사이언스가 3분기 실적 부진에 장 초반 약세다. 1일 오전 9시19분 현재 SK바이오사이언스는 전 거래일 대비 2,000원(-2.65%) 내린 7만3,600원에 거래 중이다. 지난달 31일 SK바이오사이언스는 개별 기준 올 3분기 잠정 매출액이 910억5,300만 원으로 지난해 같은기간(2,208억2,900만 원)보다 58.8% 감소했다고 공시했다. 영업이익은 213억5,900만 원으로 지난해보다 78.7% 감소했고, 당기순이익은 207억7,800만 원으로 72.8% 줄었다. SK바이오사이언스 관계자는""코로나19 백신의 수요가 감소한 영향이 크다""며 ""또 노바백스 백신 물량의 출하 지연이 일부 영향을 미쳤다. 스카이코비원 매출은 4분기부터 잡히므로 3분기 실적엔 반영되지 않았다""고 설명했다. 이날 신한투자증권은 SK바이오사이언스에 대해 투자의견은 ‘매수’, 목표주가는 7만2,000원을 유지했다. 이동진 신한투자증권 연구원은 “SK바이오사이언스의 올해 3분기 개별 기준 매출액은 하향된 컨센서스 대비로는 매출액과 영업이익 모두 20% 상회한실적”이라고 설명했다. 이어 ""4분기는 스카이코비원 매출 반등이 기대된다""며, ""4분기 매출액은 전분기 대비 139.1% 증가한 2,177억 원, 영업이익은 408.0% 증가한 1,085억 원을 기록할 것""으로 내다봤다. 이 연구원은 ""다만 내년에는 실적 변수가 크다""며, ""여전히 스카이코비원 해외 자체 판매분에 대한 가시성이 불투명하고, 국내 추가 구매 계약 체결 가능성도 미지수""라고 분석했다."	부정	SK케미칼, 오뚜기와 국내 최초 ‘화학적 재활용’ 식품용기 개발 추진	SK케미칼과 오뚜기의 식품 포장재 자회사 풍림P&P가 국내 최초 화학적 재활용 소재 식품용기 생산을 위해 손을 잡았다. SK케미칼은 경기도 판교에 있는 SK케미칼 본사 사옥에서 풍림P&P와 ‘화학적 재활용 식품용기’ 개발을 위한 업무협약을 체결했다고 1일 밝혔다. 풍림P&P는 오뚜기 브랜드의 식품 용기 및 포장재 등을 생산하는 식품 포장재 전문기업이다. 이번 협약에 따라 양사는 화학적재활용 원료 r-BHET가 99% 사용된 SK케미칼의 ‘스카이펫(SKYPET) CR’을 활용해 다양한 식품 접촉용기를 개발하고 양산을 위해 적극 협력한다는 방침이다. SK케미칼은 식품용기 양산에 필요한 ‘스카이펫(SKYPET) CR’을 공급하고, 풍림P&P는 이를 활용해 재생원료 함량 99% 용기를 개발, 글로벌 리사이클 스탠다드(GRS) 인증도 획득할 방침이다. ‘화학적 재활용’은 폐플라스틱을 분해시켜 순수한 원료 상태로 되돌려 고분자인 플라스틱을 제조하는기술이다. SK케미칼의 ‘스카이펫(SKYPET) CR’은 기존 석유화학기반 페트(PET)소재 대비 온실가스를 약 70% 감축하는 효과가 있다. 이동규 풍림P&P 대표이사는 “온실가스를 저감할 수 있는 저탄소 용기를 개발하고 사용해 ESG(환경·사회·지배구조)경영을 실천해 나갈 계획”이라고 말했다. 김응수 SK케미칼 코폴리에스터사업부장은 “‘탈플라스틱’ 트렌드가 가속화되고 있다”며 “순환경제를 실현하고 ESG 경영에 입각한 사업체계를 한층 강화할 계획”이라고 밝혔다.	긍정
0	알테오젠	196170	72	329	72	544	61	1847	35,850	코스닥	1조 5,392억원	코스닥 20위	생명과학	822.18배	11.85배	1.41%	-288.72배	0.00%	알테오젠, 바이오시밀러 특화 'SC제형 변환' 플랫폼 PCT 출원	"알테오은 바이오시밀러를 위해 특화된 'ALT-B4'의 국제특허(PCT)를 출원했다고 1일 밝혔다.   이번 PCT 출원은 ALT-B4를 이용한 기존의 피하주사(SC)제형 특허에 조성물을 추가해 권리를 명확하게 하고, 오리지널 약물 개발사 등으로부터 바이오시밀러를 개발하는 고객사를 보호하기 위함이라고 회사측은 전했다.   인간 히알루로니다제를 기반으로 정맥주사(IV)를 SC제형으로 전환하는 플랫폼 기술은 세계에서 알테오젠과 미국 할로자임 두곳 뿐이다. 할로자임은 타겟에 대한 모든 항체의 독점권을 계약사에 부여하는 방식으로 계약을 체결하고 있다.   알테오젠은 비독점적으로 계약을 체결해 동일 타겟의 항체나 약물을 개발하는 기업들과 모두 계약이 가능하고, SC제형의 바이오시밀러 제품의 개발사와도 계약이 가능하다. 알테오젠은 이번 PCT 출원을 통해 세계 유일의 바이오시밀러 SC 제형 공급자로서 전문성을 제고하는 계기가 될것으로 전망하고 있다.   알테오젠 관계자는 ""2025년을 전후로 세계적인 블록버스터 항체의약품의 특허가 만료되면서 이를 연장하기 위한 전략 중 하나로 SC 제형 채택이 진행되고 있다""라며 ""ALT-B4를 사용해 오리지널 제품 및 다른 바이오시밀러와 경쟁에서 우위를 점하고자 하는 바이오시밀러 개발사들과 대화가 이어지고 있어 이에 특화된 ALT-B4를 개발하게 됐다""라고 말했다.   한편,알테오젠은 지난달 27일에도 ALT-B4 혼합제형에 대한 특허를 일본에 등록했다. 지속적인 특허 출원 및 등록을 통해 ALT-B4의 기술력을 증명하고 경쟁력을 높이겠단 계획이다.   유수인 기자 suin@"	긍정	알테오젠, 제형 전환 물질 ‘ALT-B4’ 혼합 제형 일본 특허 등록	100여 개 국가에 특허 등록 계획…세계에서 두 번째 개발 성공 알테오젠은 재조합 인간 히알루로니다제 ‘ALT-B4’의 혼합 제형 특허를 일본에 등록했다고 27일 밝혔다. ALT-B4는 정맥주사(IV) 제형의 약물을 피하주사(SC) 제형으로 전환할 수 있는 물질이다. IV 제형의 약물에 히알루로니다제를 주입해 SC 제형으로 바꾸는 방식이다. 알테오젠은 이 기술을 세계에서 두 번째로 개발했다. 히알루로니다제로 제형을전환하는 약물 전달 플랫폼 기술을 보유한 기업 중에선 글로벌 시장에서 앞서고 있는 셈이다. 알테오젠은 SC 제형 의약품의 지식재산권(IP)을 보호하기 위해 100여 개 국가에 특허를 등록할 계획이다. 의약품 선진국인 일본에서 특허를 취득한 만큼 다른 국가에 출원한 특허도 등록에 탄력을 받을 것으로 기대하고 있다. 회사 측은 “올해 알테오젠이 진행한 임상 3상용 시료공급 및 국제기술문서(CDT) 전달, 이를 기반으로 한 고객사의 임상 3상 시험계획(IND) 신청 등 SC 제형을 차근차근 제품화하고 있다”며 “일본 특허는 글로벌 고객사와 예비 고객사들에 ALT-B4 기술력에 대한 신뢰를 심어줄 것”이라고 했다. 알테오젠은 2019년부터 매해 글로벌 제약사에 기술 수출을 하고 있다. ALT-B4를 단독 제품으로 개발한 ‘테르가제’는 최근 국내 임상을 진행했고, 현재결과보고서를 기다리고 있다. 테르가제는 통증을 완화하거나 미용·성형 수술의 부작용을 치료하기 위한 재조합 인간 히알루로니다제 제품이다.	긍정	알테오젠, 25일 무상증자로 권리락 발생	알테오젠은 오는 25일 무상증자로 인한 권리락이 발생한다고 24일 공시했다. 기준가는 보통주 1주당 3만5200원이다.	중립
0	아모레퍼시픽	090430	60	1686	70	1092	68	1496	96,700	코스피	5조 6,562억원	코스피 50위	화장품	97.67배	1.39배	1.75%	61.30배	1.01%	[줌인 이종목] 아모레퍼시픽, 실적 부진에도 상승	"북미 등 해외사업 다변화 아모레퍼시픽이 3분기 부진한 실적 발표에도 해외 매출 성장에 대한 기대감에 주가가 오르고 있다. 1일 한국거래소에 따르면 아모레퍼시픽은 이날 9만6700원에 거래를 마쳤다. 전 거래일 대비 4000원(4.31%) 상승한 수치다. 이날 장중 아모레퍼시픽 주가는 8%대까지 치솟았다. 아모레퍼시픽은 전날 3분기 실적을 발표했는데 전년 동기 대비 크게 감소했다. 회사 측은 3분기매출 9364억원과 영업이익 188억원을 기록했다고 밝혔는데 이는 1년 전 같은 기간 대비 각각 15.6%, 62.7% 감소한 수치다. 매출 감소는 아모레퍼시픽 매출에서 비중이 큰 중국 시장이 위축됐기 때문으로 풀이된다. 중국 및 면세 채널은 올해 기준 아모레퍼시픽 화장품 매출 내 39%를 차지한다. 3분기 중국 매출은 전년 동기 대비 40% 감소했다. 다만 중국을제외한 해외 사업부 매출은 높은 성장세를 보였다. 북미(96.6%), 유럽(60.4%), 중국 외 아시아 지역(20.6%) 등에서 전년 동기 대비 매출이 크게 증가했다. 실제 아모레퍼시픽은 기존 중국에 치중됐던 해외 사업 포트폴리오를 다양화하고 있다. 각 지역에서 온·오프라인 채널을 확대하고 있으며 북미 시장에서는 신규 브랜드를 인수해 시장 확장을 계획하고 있다. 조소정 키움증권 연구원은 ""해외 사업포트폴리오를 다변화하는 전략은 향후 리스크 관리와 펀더멘털 개선에 긍정적 영향을 미칠 것""이라고 분석했다. 전문가들은 아모레퍼시픽 실적이 4분기 턴어라운드에 접어들 가능성을 점치고 있다. 조 연구원은 ""경영주기 변동으로 4분기 인건비 감소, 채널 효율화에 따른 연간 고정비 감소 등의 영향으로 수익성이 개선될 것""이라고 전망했다."	긍정	脫중국 선언 아모레·LG생건, 북미·일본·유럽서 ‘돌파구’	3분기 매출·영업이익, 전년 대비 동반 하락 중국 외 시장서 브랜드 키우고 체질 개선 중 국내 화장품 기업 양대산맥인 아모레퍼시픽과 LG생활건강이 중국 소비 시장 둔화 등의 영향으로 올해 3분기에도 부진을 면치 못했다. 중국 시장에 대한 의존도가 높은 두 기업은 붕국의 봉쇄 정책이 지속되면서 ‘탈중국’을 선언한 뒤 미국과 유럽 등에서 브랜드 경쟁력을키우고 체질 개선에 힘쓰고 있다. 1일 업계에 따르면 아모레퍼시픽그룹의 3분기 영업이익은 330억원으로 지난해 같은 기간보다 36.2% 감소했다. 연간 누적 영업이익은 같은 기간 45.4% 줄어든 1933억원을 기록했다. 국내 사업은 면세 채널 부진의 영향으로 18.6% 하락한 5871억원의 매출을 기록했다. 면세 등 수익성이 높은 채널의 매출이 하락하며 영업이익도 감소했다. 해외 사업도 중국 소비둔화의 여파로 아시아 지역 매출이 하락하며 12.8% 감소한 3348억원으로 집계됐다. 같은 기간 LG생활건강도 저조한 성적표를 받아 들었다. 3분기 매출액은 1조8703억원, 영업이익은 1901억원으로 전년 동기 대비 각각 7.0%, 44.5% 감소했다. 특히 본업인 화장품 사업부문의 영업이익이 60% 이상 급감했고, 주력 브랜드인 ‘후’의 매출은 35%가량 줄었다. 올해 누적으로는 41% 감소다. 두 화장품 기업의부진은 지난해부터 이어지고 있다. 코로나19로 중국 내 오프라인 매장 영업이 속속 중단됐고, 내수시장 소비가 침체된 영향이다. 해외 관광객 감소로 면세사업은 직격탄을 맞았다. 아모레퍼시픽의 해외사업 비중은 전체 매출의 약 34%로 이 가운데 중국이 70%를 차지한다. LG생활건강도 매출의 약 50%가 중국에서 발생한다. 설상가상 중국 규제당국의 수입 화장품 등록 기준은 점점 더 까다로워지고있다. 원자재값 상승과 고환율 현상으로 경영 부담이 늘어난 점도 영향을 미친 것으로 분석된다. 여기에 일본 등 경쟁국들이 중국 진출 속도를 올리면서 한국 화장품 기업들의 중국 내 입지는 점점 좁아지는 실정이다. 두 기업은 중국에 대한 의존도를 낮추기 위해 북미와 유럽, 일본 등의 시장 공략을 강화하고 있다. 아모레퍼시픽은 중국 내 이니스프리와 에뛰드브랜드 매장 구조조정을 진행하고 있으며, 북미 시장에서 돌파구를 찾고 있다. 지난달에는 미국 클린뷰티 브랜드인 타타하퍼를 인수하고 라네즈, 설화수 중심으로 온라인 채널 공략을 강화하고 있다. 북미 시장에서 구체적인 성과도 나오고 있다. 아모레퍼시픽은 3분기 북미 시장에서 전년 대비 2배 가까운 매출 성장을 이뤘다. 라네즈의 경우 지난 7월 진행된 ‘아마존 프라임 데이’에서 ‘뷰티& 퍼스널 케어’ 부문 판매량 전체 1위에 오르기도 했다. LG생활건강도 북미 사업 확장의 일환으로 2019년 미국 화장품 기업 뉴에이본을 인수했으며, 4월 미국 화장품 회사 더크렘샵 지분 65%를 인수했다. 더크렘샵은 미국에서 신제품 출시와 채널 확대를 통해 관심 고객 수(인스타그램 팔로워 46만명)를 빠르게 늘려가고 있다.	부정	DB금융투자 “아모레퍼시픽, 예상했던 ‘어닝쇼크’… 목표가 20% 하향”	DB금융투자는 아모레퍼시픽에 대해 3분기 예상했던 ‘어닝쇼크’(실적 충격)를 기록했고, 4분기 실적에 대한 기대도 크지 않다고 1일 분석했다. 투자의견은 매수를 유지하고, 목표주가는 기존 15만원에서 12만원으로 하향했다. 허제나 연구원은 “4분기 실적에 대한 눈높이는 여전히 낮게 가져갈 것을 권한다”며 “예년과 달리 광군제에서 유의미한 수요가 나오기 힘들고, 3분기 대비 과감한 마케팅 비용, 브랜드 투자가 예정돼있다”고설명했다. 다만 “전 분기 대비 면세와 중국 법인 매출이 소폭이나마 상승했다”며 “북미와 유럽 시장에서의 성장세는 고무적이었다”고 말했다. 아모레퍼시픽의 지난 3분기 연결기준 영업이익은 전년 동기 대비 62.7% 감소한 188억원을 기록했다. 이는 컨센서스(증권사 평균 전망치)인 230억원을 18% 넘게 밑돌았다. 허 연구원은 “중국 소비 환경이 좋지 않고, 업황 전망도 낙관적이지 않다”며 “비용 절감노력과 기타 아세안 지역의 리오프닝(경제활동 재개) 효과와 함께 북미·유럽 고마진 채널 중심 영업망 확대로 느리지만 올바른 체질 개선 효과가 나타나는 점은 긍정적”이라고 분석했다.	부정
0	한국비엔씨	256840	45	2244	72	527	59	1952	4,000	코스닥	2,703억원	코스닥 243위	건강관리장비,서비스	-1.15배	1.33배	-102.71%	-181.63배	0.00%	한국비엔씨, 비에녹스주 잠정 제조 중지 등 영업정지 처분	[이데일리 양지윤 기자] 한국비엔씨(256840)는 대구지방식품의약품안전청으로부터 비에녹스주(클로스트리디움보툴리눔독소A형) 잠정 제조중지 명령을 받았다고 1일 공시했다. 약사법 제31조제2항 및 제53조제1항을 위반, 수출 전용으로 허가 받은 비에녹스주(클로스트리디움보툴리눔독소A형)(수출용)을 국가출하승인을받지 않고 국내에 판매한 사실이 확인된 게 영업정지 사유다. 회사 측은 “대구지방식품의약품안전청의 잠정 제조중지 명령에 대해 취소소송 및 집행정지 신청을 제기할 예정”이라고 밝혔다.	부정	"한국비엔씨, 보툴리눔 행정처분 부당 ""사업엔 영향없어"""	"한국비엔씨는 1일 자사의 비에녹스주(클로스트리디움보툴리눔독소A형)와 관련한 식품의약품안전처 회수명령과 제조정지 등 행정처분 사전통지가 부당하다며 행정처분 취소소송을 제기할 예정이라고 밝혔다. 회사 전반사업과 경영에는 영향이 없다는 입장도 내놨다. 한국비엔씨 관계자는 이날 ""(비에녹스주에 대한) 이번 조치는 식약처로부터 수출용으로 생산허가된 의약품임으로서 의약품 등의 안전에 관한 규칙 제63조에 따라 국가출하승인의약품의 범위에 해당되지 않는다""며 ""그럼에도 불구하고, 식약처는 이를국가출하승인을 받지 않고 국내에 판매한 것으로 판단해 행정처분 사전통보를 한 것""이라고 설명했다. 그는 이어 ""국내 판매용 의약품과 달리 수출용 의약품은 약사법 적용 대상이 아니라는 대법원의 판단이 존재하는 상황""이라며 ""보툴리눔 톡신 제제를 제조 및 판매하고 있는 대다수 국내 기업들 역시 해외 수출용 의약품은 국가출하승인 절차 없이 오랜 기간 판매하고 있다""고 덧붙였다. 국내에 유통돼 사용된 적이 없는 한국비엔씨의 수출용 의약품에 대해 식약처가 약사법 위반으로 판단한 것은 부당하다는 논리다. 한국비엔씨는 기업과 주주들의 이익을 보호하기 위해 이번 식약처 조치(제품회수 및 잠정 제조정지 명령, 품목허가취소 및 전제조업무정지)에 이의를 신청하고 처분 집행정지 및  행정처분 취소소송 등 법적대응을 준비한다는 방침이다. 회사 관계자는 ""주력 제품인 필러등의료기기 제품 등은 이번 처분과 무관하며 전체 사업과 경영에 아무런 영향이 없다""며 ""이번 행정명령 및 처분 사전통지와 무관하게 국내 제조판매품목허가와 해외수출을 통한 판매확대에 노력을 진행하고 있다""고 말했다. 또 ""의약품 제조 및 품질관리 적합판정을 받은 세종 의약품 제조시설에서 향후 허가, 승인될 품목을 제조해 공장 제조시설 제조 가동률 확대와 회사발전에 전력을 다할것""이라고 강조했다."	부정	′국가출하승인 위반′ 보툴리눔제제 판매한 제테마‧한국비엠아이‧한국비엔씨 적발…행정처분	▲ 의약품 안전성 속보 (사진=식품의약품안전처 제공)       [메디컬투데이=김동주 기자] 식품의약품안전처는 제테마, 한국비엠아이, 한국비엔씨가 국가출하승인을 받지 않고 보툴리눔제제를 국내에 판매한 사실을 적발하고 해당 품목에 대한 품목허가 취소 등 행정처분과 회수·폐기 절차를 착수했다고 1일 밝혔다.   국가출하승인 위반 품목은 제테마 제테마더톡신주100IU(수출용), 한국비엠아이 하이톡스주100단위(수출용), 한국비엔씨 비에녹스주(수출용)이다.  해당 품목 모두 수출 전용 의약품임에도 국내에 판매함에 따라, 업체는 전 제조업무정지 6개월 처분도 받게 된다.  식약처는 위반 품목에 대한 행정처분 절차에 착수함과 동시에 해당 품목이 국내에 유통되지 않도록 회수·폐기 명령을 내렸다. 아울러 의·약사 등 전문가에게 안전성 속보를 배포하고 제품 회수가 적절히 이루어질 수 있도록 협조를 요청했다.  또한 보건복지부와 건강보험심사평가원에 병·의원에서 해당 품목을 사용하지 않도록 안내해 달라고 요청했다.   식약처는 앞으로도 품질·안전성·효과성이 확인되지 않은 의약품을 불법으로 유통하는 행위에 대해 법령에 따라 엄정하게 조치함으로써, 국민께서 안전하고 품질이 확보된 의약품을 사용할 수 있도록 최선을 다하겠다고 밝혔다.       메디컬투데이 김동주 기자(ed30109@mdtoday.co.kr)	부정
0	에스티팜	237690	46	2241	74	106	74	899	76,100	코스닥	1조 4,313억원	코스닥 23위	제약	130.75배	4.47배	2.61%	237.11배	0.66%	수익성 악화한 에스티팜, 증권가 목표주가 하향조정에 하락세 [Why 바이오]	"3Q 영업익 42% 하락 오후 2시 현재 9.5%까지 낙폭 키워 [서울경제] 올해 3분기 부진한 실적을 받아든 에스티팜(237690) 이 주가가 하락하고 있다. 1일 한국거래소에 따르면 오후 2시 현재 에스티팜은 전거래일 대비 9.5% 하락한 7만 5400원에 거래 중이다. 장 초반 급락하기 시작해 낙폭을 키우고 있다. 3분기 수익성이 크게 악화하며 시장 기대치를 하회한점이 주가를 끌어내린 것으로 풀이된다. 에스티팜은 지난달 31일 올해 3분기 잠정 영업이익이 45억 4200만 원으로 전년동기대비 41.6% 감소했다고 공시했다. 매출액은 608억 원으로 전년동기대비 31.4% 증가하면서 시장 기대치에 부합했지만 영업이익은 기대치를 크게 밑돌았다. 에스티팜의 3분기 수익성 악화 요인으로는 올리고 뉴클레오타이드 신약의 상업화 물량 관련 공급단가가 하락하면서 원가율이 상승한 점이 지목된다. 자회사인유럽 비임상수탁업체(CRO)의 동물사육시설 중축과 미국 자회사의 연구개발(R&D) 비용 상승에 따른 지출이 늘어난 것도 영향을 끼쳤다. 에스티팜의 전거래일 종가는 8만 3300원이다. 52주 최고가는 14만 4500원, 52주 최저가는 7만 6900원으로 최근 부진한 주가 흐름을 나타냈다. 이날 증권가에서는 에스티팜의 목표주가를 하향 조정하는 보고서들이 나왔다. 키움증권은 에스티팜의 3분기 실적부진을 이유로 투자의견 ‘매수’를 유지했지만, 목표주가는10만 원으로 하향 조정했다. 현대차증권 역시 올리고 신약의 공급단가 하락과 비용 증가에 따른 추가 영업이익 하락 가능성이 있다고 판단하며 목표주가를 기존 14만 원에서 12만원까지 내린 상황이다. 엄민용 현대차증권 연구원은 이날 보고서에서 ""4분기에는 고지혈증 치료제 생산으로 이연된 동맥경화증 치료제 생산이 예정되어 있어 3분기보다 매출이 증가할 것""이라면서도 ""비용증가에 따라 영업이익이 기대치를 하회할것""이라고 추정했다. 에스티팜의 최대주주는 동아쏘시오홀딩스(000640) 로 올해 6월 말 기준 지분 32.41%를 보유 중이다. 동아쏘시오홀딩스의 최대주주인 강정석 회장 역시 에스티팜 지분 13.16%를 소유하고 있다. 소액주주 비중은 30.0%에 달해 개인투자자 비중이 높은 편이다. 4분기 이후 실적 회복세를 전망하는 시각도 있다. 오의림 한국투자증권 연구원은 이날 보고서에서 “신공장 증설에 따른 단기간 비용 증가가불가피하지만 올리고 뉴클레오타이드 사업부의 매출은 꾸준히 증가할 것”이라며 ""관련 효력 데이터가 12월에 개최되는 학회에서 공개를 앞두고 있어 대규모 수주 계약 가능성이 높다”고 전망했다. 메신저리보핵산(mRNA) 치료제 원료물질에 대한 국내 특허가 내년 상반기 중 예정된 것도 주가에 긍정적 영향을 끼칠 것이라고 봤다. 오 연구원은 “환율 증가가 오히려 실적 개선으로 이어지는 위탁개발생산 사업특성상, 고환율이 예상되는 내년 상반기까지는 긍정적 영향이 예상된다”며 투자의견 `매수`와 목표주가 11만 원을 유지했다. ◇Why?바이오는=‘Why?바이오’ 코너는 증시에서 주목받는 바이오 기업들의 이슈를 전달하는 연재물입니다. 주가나 거래량 등에서 특징을 보인 제약·바이오 기업에 대해 시장이 주목한 이유를 살펴보고, 해당 이슈에 대해 해설하고 전망합니다. 특히 해당 기업 측 의견도 충실히 반영해 중심잡힌 정보를 투자자와제약·바이오 산업 관계자들에게 전달합니다."	부정	에스티팜, 3Q 매출 608억원… 영업익 45억원	에스티팜은 올해 3분기 영업(잠정)실적이 매출액 608억2500만원, 영업이익은 45억4200만원, 당기순이익 99억2300만원이라고 31일 공시했다. 매출은 전년 동기 대비 각각 31.4% 성장했지만 영업이익은 41.6% 감소했다. 당기순이익은 28.2% 늘었다. 올해 누적치로는 1489억2700만원의 매출을 올리며 지난해보다 30.7% 성장에 성공했다. 누적 영업이익은 86억1300만원, 당기순이익은 154억5300만원으로 각각 40.2%, 85.3% 성장했다.	부정	[관심주] 에스티팜, 실적 개선 전망에도 목표주가 내려	[관심주] 에스티팜, 실적 개선 전망에도 목표주가 내려 이미지 확대보기 사진=글로벌이코노믹  에스티팜은 올해 3분기 실적이 수익성이 개선될 것으로 전망돼 투자의견이 상향됐지만 목표주가는 내렸습니다.  상상인증권은 에스티팜의 올리고뉴클레오타이드 매출 증가와 환율 효과로 수익성이 뚜렷하게 향상될 것으로 판단돼 에스타팜에 대해 투자의견을 ‘중장기주가상승’에서 ‘매수’로 상향했지만 목표주가는 17만원에서 15만원으로 하향 조정했습니다.  상상인증권은 에스티팜의올해 3분기 연결기준 매출액이 556억원, 영업이익이 83억원, 당기순이익이 71억원에 이를 것으로 내다보고 있습니다.  에스티팜은 올해 2분기 실적을 집계한 결과 연결기준 매출액이 511억원, 영업이익이 35억원, 당기순이익이 34억원을 기록했다고 공시했습니다.  상상인증권 하태기 연구원은 최근의 증시 여건 상 에스티팜의 주가가 단기간에 상승할 것으로 보기 어렵지만 글로벌 금리 상승세가 피크아웃 될 시점에서주가가 의미있게 회복할 것으로 진단하고 있습니다.  상상인증권은 에스피팜이 4분기에는 연결기준 매출액이 797억원, 영업이익이 92억원으로 올리고뉴클레오타이드 매출이 증가하면서 수익성 개선이 본격화될 것으로 전망하고 있습니다.  [관심주] 에스티팜, 실적 개선 전망에도 목표주가 내려 이미지 확대보기 사진=글로벌이코노믹   에스티팜의 최대주주는 동아쏘시오홀딩스로 지분 32.41%를 보유하고 있습니다.  동아쏘시오홀딩스의 최대주주는 강정석 회장으로 지분29.38%를 갖고 있습니다.  에스티팜은 강정석 회장이 지분 13.16%를 소유하고 있습니다.  에스티팜은 외국인이 주식을 갖고 있지 않고 소액주주의 비중은 30%에 이릅니다.  김대성 글로벌이코노믹 연구소장 kimds@g-enews.com  [알림] 본 기사는 투자판단의 참고용이며, 이를 근거로 한 투자손실에 대한 책임은 없습니다.	부정
0	HMM	011200	46	2243	72	633	95	1	19,000	코스피	9조 2,918억원	코스피 36위	운송	0.80배	0.54배	71.89%	1.87배	3.16%	`매각 적기` 놓쳤나…HMM 3분기 실적 꺾일 듯	"국내 최대 컨테이너 선사인 HMM이 이번 달 둘째 주 3분기 실적을 발표하는 가운데 이전 분기보다 다소 미흡한 성적을 낼 것으로 보인다. 1일 연합인포맥스가 집계한 시장 전망치(컨센서스)에 따르면 HMM은 3분기에 매출 4조6천120억원, 영업이익 2조5천500억원을 거둘 것으로 예상된다. 작년 동기 매출과 영업이익 대비 각각 14.8%, 12.3% 증가한 수치다. 하지만 지난 1분기의 사상최대 실적(매출 4조9천187억원·영업이익 3조1천486억원)보다는 밑돈다. 또 2분기 매출 5조340억원, 영업이익 2조9천371억원에도 못 미친다. HMM이 2020년 4분기 이후 올해 1분기까지 6개 분기 연속 최대 실적을 경신한 것을 고려하면 실적이 정점을 찍고 하향 추세란 점은 명확하다고 해운업계 관계자들은 전했다. HMM 실적 하락세에는 해운업황 피크 아웃(정점 통과)에 따른 운임 하락이 한몫했다. 해상운송 항로의운임 수준을 나타내는 상하이컨테이너운임지수(SCFI)는 19주째 하락하며 지난 28일 연중 최저치인 1,697.65를 기록했다. 지난해 같은 날(4,567.28)과 비교하면 63% 폭락했다. 해상 운임이 경기 선행지표 역할을 하는 것을 볼 때 경기침체가 시작됐다는 증거다. 다만 SCFI는 스폿(단기) 운임 변동을 나타내 화주들과 장기계약을 맺는 HMM이 받는 충격은 올해까지는 제한적일 수 있다. 또 운임을 외화로 받는터라 아직까진 환율 상승에 따른 수혜도 누릴 수 있다. 하지만 내년부터는 실적 쇼크가 본격화한다는 것이 업계의 대체적 전망이다. HMM 실적 전성기가 막을 내릴 조짐을 보이면서 최대 채권자인 산업은행과 한국해양진흥공사가 매각 시기를 실기했다는 비판을 받을 것으로 전망된다. HMM 지분은 산업은행(20.69%), 한국해양진흥공사(19.96%) 등 정부가 절반 가까이 보유하고 있고, 이들이 보유한 전환사채(CB)와 신주인수권부사채(BW)가주식으로 전환되면 전체 공공 지분비율은 74.1%까지 올라간다. 대신증권 양지환 연구원은 ""문제는 올해 4분기부터다. 현재의 하락 속도가 유지된다면 올해 4분기 SCFI는 1,000까지 급락할 수 있다""며 ""인플레이션과 금리 인상에 따른 경기와 소비 위축으로 물동량 회복을 기대하기도 어렵다""고 말했다. (사진=연합뉴스)"	부정	해운업 악화에…HMM 매각 적기 놓쳤나	갈수록 복잡해지는 ‘매각 셈법’ 우여곡절 끝에 대우조선해양 매각에 성공한 KDB산업은행이 이번에는 국내 최대 해운사 HMM(옛 현대상선) 매각을 추진하면서 재계 눈길이 쏠린다. 잘나가던 HMM 실적이 꺾이면서 “매각 시점을 놓쳤다”는 관측이 나오자 산은 고민도 깊어지는 모습이다. ▶대우조선 이어 HMM 매각 추진 ▷‘2025년까지 매각’ 시나리오도 신정훈 더불어민주당 의원실이 한국해양진흥공사로부터 제출받은 ‘새 정부 공공기관혁신계획’에 따르면 해양진흥공사는 정부에 “단계적인 HMM 지분 축소를 추진해 2024년 말까지 HMM 경영지원단을 우선 감축하겠다”고 보고했다. 해양진흥공사는 산업은행(20.69%)에 이은 HMM 2대 주주로 지분 19.96%를 보유했다. 주식으로 바꿀 수 있는 전환사채 등을 고려하면 산업은행과 해양진흥공사가 보유한 지분은 사실상 70%를 넘는다. HMM 시가총액이 10조원에 달하는 만큼 단계적인 지분 매각 가능성이 거론된다. 해양진흥공사는“2025년 말로 예상되는 민영화 완료 시기에 맞춰 기능을 폐지하겠다”며 “이해관계자들과 책임감 있고 신속한 구조조정 완료를 추진하겠다”고 덧붙였다. 정부가 HMM 매각 관련 구체적인 시기를 밝힌 것은 이번이 처음이다. 조승환 해양수산부 장관은 지난 9월 새 정부 업무보고를 통해 “HMM이 계속 흑자가 나는 상황에서 시장에 맡겨야 하는 산업을 정부가 계속 가져갈 수는 없다.중장기적으로 민영화할 수 있도록 여건을 조성하려 한다”고 말했다. 시기를 못 박았다는 논란이 커지자 해양진흥공사는 “해양수산부, 산업은행 등 관계 기관과 협의해 확정된 것이 아니다. 관계 기관 간 충분한 협의가 필요한 사항”이라며 일종의 ‘가상 시나리오’라고 해명했음에도 재계에서는 머지않아 HMM 매각이 속도를 낼 것이라는 관측이 나온다. 하지만 HMM 매각이 순조로울지는 의문이다. 글로벌 해운경기 악화로 해상운임이 떨어져 HMM 실적 상승세가 꺾일 것이라는 우려 때문이다. 해운업계에 따르면 중국 상하이항에서 출항하는 컨테이너선 15개 항로 단기 운임을 종합한 상하이컨테이너운임지수(SCFI)는 지난 9월 30일 기준 1922.95를 기록해 올 들어 최저치를 기록했다. SCFI가 2000선 아래로 떨어진 것은 2020년 11월 20일 이후 2년여 만이다. 올 초까지만 해도 글로벌 해운 경기는유례없는 호황을 보였다. 미국, 유럽 등 물류 시장이 살아나면서 선박 수요가 급증해 해상운임이 치솟았다. 1월에는 사상 최초로 5100선을 돌파한 5109.6을 기록하기도 했다. 하지만 호황은 오래가지 못했다. 선박 수요가 점차 줄면서 6월 이후 해상운임이 급락하기 시작했고 9월 한 달 만에 40%가량 빠져 2000선 아래로 추락했다. 매년 3분기는 추수감사절, 블랙프라이데이, 크리스마스 등을앞두고 화주들이 주문량을 늘리는 해운업계 성수기임에도 운임 하락세를 피하지 못했다. 미국 대형 유통 업체들이 재고 증가, 소비 둔화 여파로 글로벌 교역량을 줄였기 때문이라는 분석이다. “글로벌 인플레이션으로 인한 경기 둔화로 소비 시장이 움츠러들면서 미주, 유럽 등 주요 항로 해상운임이 부진한 양상을 보였다”는 것이 해운업계 관계자들 한목소리다. 컨테이너선뿐 아니라 철광석, 석탄, 곡물등 원자재를 실어 나르는 벌크선 운임도 동반 하락세다. 벌크선 운임 지표인 발틱운임지수(BDI)는 10월 12일 기준 1873을 기록해 5월 고점(3369)과 비교하면 절반가량 떨어졌다. 중국 수요 부진으로 철강 물동량이 줄어든 데다 러시아-우크라이나 전쟁 장기화에 따른 곡물 운송량 감소 영향이 크다. ▶해운업황 악화 변수 ▷노무라 “HMM 내년 영업손실 우려” 글로벌 해운 경기가 악화되면서HMM 실적에도 빨간불이 켜졌다. 오랜 기간 부진을 딛고 대규모 영업이익을 거뒀지만 더 이상 실적 상승세를 이어가기 어렵다는 우려다. HMM은 올 2분기 연결 기준 매출 5조340억원, 영업이익 2조9371억원을 기록했다. 전년 동기 대비 매출액은 73.2%, 영업이익은 111.5% 늘었다. 상반기 기준 영업이익은 6조857억원으로 역대 최고 실적을 거뒀다. 2011년부터 2019년까지 매년 5000억원 안팎 적자를냈던 것과 비교하면 분위기가 180도 바뀐 셈이다. 하반기에도 꽤 넉넉한 수익을 낼 것이라는 관측이 나오지만 내년 이후 전망은 밝지 않다. 일본 투자은행 노무라는 컨테이너선 운임 하락으로 HMM이 2023년 하반기부터 영업손실을 내고 2024년 순손실을 기록할 수 있다고 예상했다. 국내 증권사들도 HMM 내년 영업이익이 올해보다 절반가량 줄어들 것으로 내다본다. 원인은 컨테이너선 운임하락과 공급 과잉이다. 노무라는 최근 1900대까지 하락한 상하이컨테이너운임지수가 내년에는 평균 800대까지 떨어질 것으로 예상했다. HMM 매출의 90% 이상이 컨테이너선일 정도로 컨테이너선 의존도가 높은 만큼 실적에 악영향을 줄 것이라는 의미다. 글로벌 해운사마다 호황기에 발주했던 컨테이너선이 내년부터 주요 항로에 투입되는 점도 변수다. 조선·해운 시황 분석기관 클락슨리서치에 따르면 2023년 인도 예정인 컨테이너선은 총243만TEU(1TEU는 20피트 컨테이너), 2024년에는 410만TEU에 이를 전망이다. 현재 글로벌 컨테이너선 선복량이 2526만TEU 수준인 점을 감안하면 2년 만에 선박 공급이 20~30%가량 급증한다는 의미다. 해운업계 분위기가 심상찮자 HMM 주가도 하락세다. 지난 3월 3만5000원까지 뛰었던 주가는 최근 2만원 안팎으로 떨어졌다(10월 19일 종가 1만9300원). 증권사 눈높이도 낮아졌다. 대신증권은 HMM 목표주가를 2만9000원에서 2만원으로 31% 하향조정했다. 양지환 대신증권 애널리스트는 “금리 인상에 따른 경기 둔화, 소비 위축으로 8월 이후 글로벌 컨테이너 운임이 급락하면서 올 하반기와 내년 HMM 실적이 시장 기대에 못 미칠 것”이라고 내다봤다. 만약 HMM이 적자로 돌아서면 매수자를 찾기가 쉽지 않을 것이라는 관측이다. HMM 인수 후보로는 현대차, 포스코, CJ그룹 등 대기업이 거론되지만 이들 모두 조심스러워하는분위기다. 재계 관계자는 “정부가 서둘러 HMM을 매각하려 하지만 실적이 꺾이면 제값을 주고 인수할 기업이 나타날지 의문”이라고 귀띔했다. 강석훈 KDB산업은행 회장도 최근 한 언론과의 인터뷰에서 “HMM 매각은 산은 혼자 결정하기 어렵지만 조금 실기한 것 아닌가 하는 생각도 든다. 주가가 좋았을 때 지분을 매각했으면 하는 아쉬움이 있다”고 밝혔다. 한편에서는 HMM이 김경배 신임사장 주도 아래 사상 최대 규모인 15조원 투자로 경쟁력을 높이기로 한 만큼 인수전이 나름 흥행할 것이라는 관측도 나온다. HMM은 2026년까지 선박, 터미널 등 핵심 자산을 중심으로 15조원 이상을 투자하기로 했다. 투자 규모를 들여다보면 선박과 터미널, 물류시설에 10조원을 쏟아붓는다. 선박의 경우 컨테이너선 선복량(선박 적재 공간)을 현재 82만TEU급에서 120만TEU급으로 확대할 계획이다. 친환경연료, 종합 물류 등 사업 다각화를 위한 미래 전략 사업에도 5조원을 베팅하지만 해운업황이 악화된 상황에서 대규모 투자가 제때 이뤄질지는 미지수다. 정부가 각종 논란을 딛고 HMM 매각에 성공할지 재계 관심이 쏠린다. [본 기사는 매경이코노미 제2181호 (2022.10.26~2022.11.01일자) 기사입니다]	부정	2022 글로벌 해운사 Top20 살펴보니, HMM는 11위	2022 글로벌 해운사 Top20 살펴보니, HMM는 11위 이미지 확대보기 글로벌 해운사 MSC의 컨테이너선. 사진=MSC 홈페이지 국내 대표 해운사인 HMM이 전 세계 글로벌 해운사 중 11위에 이름을 올렸다.   23일(현지시각) 해외 재테크 전문매체 머니잉크에 따르면 국제해운협회(ICS·International Chamber of Shipping)의 자료를 인용해 글로벌 해운사 Top20위를 선정했다. 해운업은 전 세계 무역량의 90%이상을 운송하고 있다.   ICS 통계에 따르면 세계 1위 해운사는 스위스·이탈리아 기업인 MSC(Mediterranean Shipping Company)다. 스위스 제네바에 본사를 두고 있는 MSC는 전 세계 거의 모든 항만에서 사업체를 운영 중이다. 보유 선박은 600여척 이상으로 지난해에는 '올해의 국제 해운인상'을 수상키도 했다.   2위는 덴마크의 글로벌 물류기업인 머스크라인(Maersk Line)이다. 아놀드 피터멀러가 1904년에 설립한 머스크라인은 국제 컨테이너 물류와 글로벌 공급망 관리업체로 400만개 이상의 컨네이너를 운송할 수 있는 선박을 보유 중이다.   세계의 공장으로 불리는 중국의 국영 해운업체인 China Ocean Shipping Company(COSCO)는 3위에 이름을 올렸다. 1961년 설립된 COSCO는 세계 최대 규모의 컨테이너선 선단을 운영 중이다.   독일 함부르크에 근거지를 두고있는 하팍로이드(Hapag-Lloyd)는 오랜 역사만큼 세계 4위의 물동량을 감당하고 있다. 하팍로이드는 1847년 설립된 하팍과 1856년 설립된 노스게르만로이드사 합병하면서 탄생했다. 250여척 이상의 선박을 보유하고 있으며, 컨테이너운송 사업 중에서도 냉동운송을 전문적으로 내세우고 있다.   5, 6, 7위는 모두 아시아 운송업체들이 차지했다. 5위는 1968년 설립된 대만의 에버그린으로 전 세계 항만에서 200여척 이상의 컨테이너선을운영하고 있다. 6위는 싱가포르에 본사를 두고 있는 PIL(Pacific International Lines)으로 전 세계 40개국에서 컨테이너 및 벌크화물 운송이 전문이다. 7위는 홍콩의 OOCL(Orient Overseas Container Line)이다.   8위는 프랑스를 대표하는 물류기업인 CMA CGM으로 선정됐으며, 9위는 이스라엘의 ZISS(Zim Integrated Shipping Services)가 차지했다. 10위는 대만의 양명해운이 이름을 올렸다.   국내 해운업체 중에서는HMM이 11위에 선정됐다. 1976년 설립된 HMM은 전 세계 항로에 150여척의 선박을 투입해 운용 중이다. 76개국에 사무소를 두고 있으며, 자회사도 27곳에 달한다.   이밖에 고려해운은 14위에 이름을 올렸다. 1954년 교통부 산하로 설립된 고려해운은 이후 민영화를 거쳐 현재 60척 이상의 선박을 운영 중이다.   한편 해운전문 분석기관인 알파라이너에 따르면 선복량기준 글로벌 해운사 순위는 지난 9월 기준 MSC(스위스)를 필두로 머스크라인(덴마크), CMACGM그룹(프랑스), COSCO그룹(중국), 하팍로이드(독일), 에버그린라인(대만), ONE(Ocean Network Express·일본), HMM(한국), 양밍마린트랜스퍼그룹(중국), Zim(이스라엘) 순이었다.   서종열 글로벌이코노믹 기자 seojy78@g-enews.com	중립
0	KG스틸	016380	59	1706	69	1600	81	178	8,060	코스피	8,061억원	코스피 216위	철강	3.35배	0.63배	19.30%	19.72배	1.24%	KG스틸, 국내 컬러강판사 ‘최초’ 해외 EPD 국제 인증 획득	냉연강판·아연도강판·석도강판 등 12개 제품 환경성적표지 인증 획득…“제품 경쟁력 제고” [이데일리 박민 기자] KG스틸(016380)은 국내 컬러강판사 최초로 냉연강판과 아연도강판, 석도강판, 컬러강판 등 12개 제품군에 대해 해외 기관으로부터 환경성적표지(EPD) 인증을 취득했다고 1일 밝혔다. EPD는 제품생산이 환경에 미치는 정보를 소비자에 정확하게 제공해 친환경적 소비를 유도하고자 도입된 제도다. 원료채취·생산·유통·사용·폐기 등 제품 수명의 모든 과정에대한 환경영향을 계량적으로 표시한다. KG스틸이 이번에 취득한 EPD는 스웨덴 민관협력 환경연구소 산하 EPD International로부터 취득함으로써 국제적으로 공신력도 확보했다는 게 회사 측의 평가다. KG스틸 관계자는 “이번 인증 획득은 내년 유럽연합(EU)의 탄소국경조정제도(CBAM) 시범운영을 앞두고 일궈낸 선제적인 행보”라며 “국제 인증을 취득한 만큼 회사는 향후 예상되는 해외 고객사의 탄소배출량 제출 요구에 실시간 대응이 가능할것으로 전망한다”고 말했다. KG스틸은 탄소배출량 산출을 위해 당진·인천공장에 전과정평가(LCA) 체계 구축을 마친 상태다. LCA 인프라를 갖추고 있을 경우 제품 제조사의 산업활동이 환경에 미치는 영향을 종합적으로 평가할 수 있어 탄소발자국 측정 및 감소방안 수립이 용이하다. KG스틸 관계자는 “당사는 한 발짝 빠르게 움직여 기업의 사회적 책임을 다하기 위해 노력할 것”이라며 “ESG(환경·사회·지배구조) 경영을실천해 국제사회와 상생하겠다”고 강조했다.	긍정	KG스틸, ‘항균’ EGI 강판 개발…가전·건자재 ‘정조준’	세균·곰팡이 차단…“지문 안 남고 인체에 무해” [이데일리 박민 기자] KG스틸(016380)이 항균·항곰팡이 성능을 갖춘 전기아연도금(EGI) 내지문강판 ‘바이오코트(BioCOT)’를 출시한다고 7일 밝혔다. 항균성을 확보한 EGI 내지문강판 출시는 국내에서 처음이다. EGI 내지문강판은 강판 표면에 손자국이 묻어나지 않아 프리미엄 가전제품 및 자동차부품, 그리고 고급 건축자재의 소재로 활용된다. 특히 이번에 KG스틸이 새롭게 선보이는 EGI 내지문강판은 폐렴균·대장균·녹농균등 각종 세균에 대한 항균성을 갖춰 국내에서 가장 안전한 강판으로 손꼽힌다. KG스틸은 올 초 자사가 특허등록한 기술을 활용해 EGI 내지문강판에 은(Ag) 이온이 함유된 무독성·무기계 항균제를 첨가했다. KG스틸의 독자 기술이 반영된 바이오코트는 국내 기후에서 10년 이상 반영구적으로 살균·항균성이 유지된다. 은 이온과 은나노 입자가 박테리아 세포막에 손상을 일으킨 후 세포 내로 침투해박테리아를 파괴하는 원리다. KG스틸 관계자는 “신제품에 대한 고객사 검증을 마쳤으며 올 4분기부터 본격적으로 양산을 시작할 계획”이라며 “향후 당사가 생산하는 EGI 내지문강판에는 항균 성능이 기본적으로 포함시켜 강판 고급화를 선도할 것”이라고 말했다.	긍정	KG스틸, 국내 최초 `눈송이 결정` 형상화 컬러강판 개발	"KG스틸이 국내에서는 처음으로 눈송이 결정을 형상화한 `뉴 스노우 매트(New Snow Matt)` 컬러강판을 개발했다고 29일 밝혔다. 원형 파장의 물결 주름이 표면에 도톰하게 올라와 거친 질감을 표현해낸 제품이다. 동일한 패턴이 반복돼 단순한 모양이 나타났던 기존 제품과는 달리, 비정형 곡선을 따라 형성되어 독특한 느낌을 자아낸 것이 특징이다. KG스틸은 자연스러운 무늬를 구현하기 위해 전용수지와 특정 첨가제를 배합해 도료 건조 속도를 조절했고, 1년여 연구개발에 몰두한 결과 빛의 각도에 따라 다채로운 색감을 느낄 수 있는 신제품 개발에 성공했다고 설명했다. 주요 고객사 및 신제품 생산성 검증 및 품질평가를 마쳤으며, 오는 4분기 생산을 앞두고 있다. KG스틸은 이번 신제품 출시로 매트 컬러강판 판매량이 전년대비 15% 이상 늘어날 것으로전망했다. 지붕재·벽체 등 주로 건물 내외장재용으로 사용되는 매트 컬러강판은 건축 인테리어 수요 확대에 따라 성장세가 기대된다는 평가다. KG스틸 관계자는 ""비정형 패턴의 매트 컬러강판 개발은 국내 철강업계 최초 시도""라며 ""시장에서 찾아볼 수 없었던 제품이니만큼 당사 인천공장에서 수십차례 라인테스트를 거치며 품질 확보에 만전을 기했다""고 말했다. 이어 ""매트 제품을 선호하는 독립국가연합(CIS) 및 동유럽일대 뿐만 아니라 다양한 무늬에 대한 수요가 있었던 국내외 고객사들의 선택의 폭을 넓혀줄 수 있을 것""이라고 덧붙였다. 뉴 스노우 매트 컬러강판은 KG스틸 매트 시리즈의 최신 제품이다. 앞서 KG스틸은 도료 표면의 패턴 크기와 질감이 서로 다른 6종의 매트 제품을 선보인 바 있다."	중립
0	SK바이오사이언스	302440	48	2149	72	533	89	7	76,300	코스피	5조 8,586억원	코스피 48위	제약	20.96배	3.47배	20.13%	94.56배	0.00%	"실적 떨어지는 SK바사 안재용, 새 판 짜기 돌입···""독감백신 재개"""	"안재용 SK바이오사이언스 대표이사 사장이 국산1호 코로나19 백신 '스카이코비원'에 대해 발표하고 있다. 사진=사진공동취재단   ""백신 연구개발(R&D) 및 생산 인프라를 재정비해 글로벌 수준으로 끌어올리기 위한 사업 전략을 실행하겠다.""   안재용 SK바이오사이언스 사장은 1일 서울 여의도 파크원 NH금융타워에서 국내외 애널리스트 및 기관 투자자를 대상으로 개최한 간담회에서 이같이 말했다. 안 사장은 이날자리에서 글로벌 백신∙바이오 기업으로 도약하기 위한 지속가능한 성장 전략 'SKBS 3.0'을 공유했다.   안 사장은 축적된 노하우와 자본을 바탕으로 ▲코로나 엔데믹 후속 대응 ▲백신 사업 강화 및 글로벌 시장 확대 ▲세포∙유전자치료제(CGT) 및 차세대 플랫폼 기술 확보 ▲넥스트 팬데믹 대비 글로벌 파트너십 강화 ▲R&D 및 생산 인프라 질적·양적 확충 ▲경영인프라 지속 강화 등을 적극 실천하겠다고 전했다.   우선 안 사장은 글로벌 백신 시장에서 선도적인 기술력을 앞세워 입지를 넓혀갈 것임을 강조했다.   그는 대한민국 1호 코로나19 백신인 '스카이코비원'의 기반 기술을 활용해 엔데믹 시대를 선도할 제품과 기술력을 확보한다는 방침이다. 장기간 안전성이 검증된 합성항원 플랫폼을 활용해 개발된 스카이코비원은 유통 및보관이 용이하다는 강점과 부스터샷 접종시 오미크론 변이에도 효과가 있다는 특성을 바탕으로 해외 시장 진출을 준비하고 있다.   SK바이오사이언스는 청소년 및 소아 임상을 통해 스카이코비원의 접종 대상을 확대할 예정이며 변이주를 포함하는 다가(多價) 백신, 독감 등과의 콤보(Combo) 백신, 광범위하게 바이러스를 예방하는 범용 백신 등으로도 추가 개발을 진행하고 있다. 또 비강에 항바이러스단백질을 분사해 바이러스 등의 감염을 전방위적으로 예방하는 '비강 스프레이 (Nasal Spray)' 등 혁신적인 형태의 의약품 개발도 진행중이다.   또 회사는 팬데믹 극복에 기여하며 국내외에서 높아진 위상을 반영해 자체 개발 백신들의 시장 확대에도 적극적으로 나선다는 계획이다.   팬데믹 극복을 위해 일시적으로 생산을 중단했던 독감백신 '스카이셀플루'는 내년부터 공급을 정상화한다. 세계에서최초로 개발된 세포배양 4가 독감백신인 스카이셀플루는 국내 시장점유율 1위, 세포배양 독감백신 최초 WHO(세계보건기구) PQ(사전적격성평가) 인증 획득 등의 저력을 보유한 만큼 공급 재개와 함께 빠르게 국내외 시장 점유율을 확대할 것으로 기대된다. 스카이셀플루의 생산실적은 지난 2020년 전체 백신 생산 매출(1482억원)의 3분의 2(약 1000억원)를 차지할 정도였다.   이와 함께 수두백신인 '스카이바리셀라'도 영유아국가예방접종(NIP) 시장을 목표로 영업 강화를 추진중이며, 세계 두번째 WHO PQ 인증을 획득한 검증된 기술력을 기반으로 국제조달시장을 공략할 예정이다. 스카이바리셀라는 이미 올초 UN 산하 국제기구인 'PAHO(범미보건기구)'의 수두백신 입찰을 수주하며 중남미 국가들로 백신 공급을 시작한 바 있다.   국내 판매량 기준 시장점유율 1위인 대상포진백신 '스카이조스터'는 가격 경쟁력과 1회 접종의 편의성을 무기로시장을 공고히 하며 국가필수예방접종(NIP) 시장이 도입되는 경우를 고려한 경쟁력도 확보해가고 있다.   국제백신연구소(IVI)와 함께 개발한 장티푸스백신 스카이타이포이드도 향후 WHO PQ 획득 후 전 세계로 판매를 시작할 예정이다.   글로벌 파트너들과의 연계 사업도 지속 확장한다.   SK바이오사이언스는 2020년 8월부터 이어온 노바백스와의 코로나19 백신 위탁개발생산(CDMO) 계약을 연장하고 글로벌 CMO·CDMO파트너사도 추가 확보할 계획이다. 또 전세계 100여 개국의 영업망을 보유한 사노피 파스퇴르와 공동개발중인 폐렴구균백신 개발에도 속도를 내 기존 백신 대비 더 높은 혈청 가수인 21가 백신이라는 장점을 바탕으로 블록버스터 제품으로 키울 계획이다.   안 사장은 글로벌 기업으로 도약하기 위한 일환으로 신규 사업 확대에 대한 의지도 거듭 밝혔다.  회사는 백신을 넘어 바이오 영역으로 사업을 확대하기 위해 세포·유전자 치료제(CGT) 사업 전 영역에서 기술력을 확보한다는 방침이다. 이를 위해 기존 CGT 플랫폼을 보유한 글로벌 기업의 CDMO와 인수합병(M&A), 조인트밴처(JV) 설립 등을 추진 중이다.   또 최근 잇따라 발표한 국제기구 및 연구소와의 mRNA 등 최신 백신 플랫폼 개발 협약 등과 같이 파트너십을통한 차세대 기술력 확보에도 힘을 쏟는다. mRNA 기술 확보 및 제품 개발, 플랫폼 확장 등을 통해 SK바이오사이언스는 글로벌 파트너들과 새로운 감염병에 맞설 백신을 100일 안에 개발해 6개월 내에 공급하는 시스템을 구축할 예정이다. 이를 위해 빌앤멜린다게이츠재단, CEPI, 국제백신연구소, 웰컴트러스트, 힐레만연구소 등 그동안 구축해온 글로벌 기구 및 기관들과의 파트너십을 더욱 확대, 강화해나갈 계획이다.   SK바이오사이언스는 백신 개발, 제조, 생산 역량을 각 정부 및 파트너사에 이전해 각 지역의 요구사항에 맞는 생산 인프라를 구축하는 '글로컬라이제이션(Glocalization)' 사업도 추진중이다. 현재 중동, 동남아 등에서 다양한 국가들과 구체적으로 논의중이며, 순차적으로 대상 국가를 확장해 나갈 예정이다.   R&D와 생산 인프라의 질적·양적 확충도 진행중이다.   인천송도에는 '글로벌 R&PD 센터'를 설립, 글로벌 네트워크의 거점 역할을 수행하고 바이오의약품 전 영역의 인프라를 순차적으로 확보할 예정이다. 경북 안동에 위치한 백신 생산시설인 '안동 L-House' 또한 대규모 확장을 통해 현재 대비 최대 5배까지 생산역량을 확장하고 기존 EU-GMP 등에 더해 미국 cGMP와 같은 세계 최고 수준의 생산시설 인증을 확보해 선도적 역량을 입증할계획이다.   지속가능한 성장과 사회적가치(SV) 실천에도 힘을 쏟는다. SK바이오사이언스는 '2024 RE100' 과 '2031 넷제로(Net Zero)' 달성 등을 목표로 기후변화 대응을 위한 목표를 수립하고 전략을 추진중이다. 아울러 '프로액티브 SHE(안전, 보건, 환경) 컬쳐' 조성을 슬로건으로 능동적이면서도 주도적인 SHE 문화 구축과 구성원 참여를 이끌어내고 있다.   안 사장은 ""모두가 어렵다고 할때 인류에 공헌하겠다는 사명감을 갖고 묵묵히 매진한 결과 지금의 SK바이오사이언스가 만들어질 수 있었다""며 ""이젠 글로벌 백신∙바이오 산업의 일류 기업으로 도약할 준비를 하는 만큼 공중보건 수호를 위한 생태계 조성에 앞장서고, 넥스트 팬데믹 대응의 주역이 될 수 있도록 전략적 투자를 아끼지 않겠다""고 말했다.   한편, 현재 매출 상당 부분을 코로나19 백신등에 의존하고 있는 SK바이오사이언스는 코로나19 엔데믹 전환에 따른 백신 수요 감소의 영향으로 매분기 실적이 하락하고 있다.   전날 회사 공시 내용에 따르면, 개별 기준 올 3분기 매출액은 910억5300만원으로 잠정 집계됐다. 이는 전년 동기(2208억2900만원) 대비 58.8% 감소한 수치다.   같은기간 영업이익은 213억5900만원으로 78.7% 줄었고, 당기순이익은 72.8% 감소한 207억7800만원으로 집계됐다.  회사의 실적감소 추세는 지난 상반기부터 이어져왔다. SK바이오사이언스의 올 상반기 매출액과 영억이익은 각각 2254억원, 849억원으로 작년 동기 대비 12.4%, 29.1% 감소했다.   유수인 기자 suin@"	긍정	‘3분기 어닝쇼크’ SK바사…‘SKBS 3.0’으로 글로벌 기업 도약할까	독감 백신 ‘스카이셀플루’ 내년부터 공급 재개 “연구개발 역량 키우고 글로벌 협력 강화할 것” SK바이오사이언스가 올해 3분기 부진한 성적표를 받아든 가운데 백신 사업에 방점을 둔 성장 전략을 발표했다. 신종 코로나바이러스 감염증(코로나19) 이후 전략이 필요하다는 우려가 나오고 있는 만큼 이를 의식한 조치로 풀이된다. ━ 안재용 사장 “SKBS 3.0으로 글로벌 기업 도약할 것”안재용 SK바이오사이언스 사장은 1일 서울 여의도 NH금융타워에서 국내외 애널리스트 및 기관 투자자를 대상으로 간담회를 열고 “백신 연구개발(R&D)과 생산 기반을 세계적인 수준으로 끌어올리기 위한 사업 전략을 실행하겠다”며 구체적인 실행 방안을 공유했다. 안 사장이 이날 공개한 성장 전략은 ‘SKBS 3.0’. 여러 종류의 백신을 개발해온 기술력과 자본을 바탕으로 글로벌 시장에서 입지를 넓히겠다는 것이골자다. 구체적으로 안 사장은 백신 사업을 중심으로 글로벌 시장에서 경쟁력을 강화할 것이라고 말했다. ‘국산 1호’ 코로나19 백신인 스카이코비원을 개발한 경험을 살려 해외 시장에 진출한다는 계획이다. SK바이오사이언스 관계자는 “스카이코비원은 안전성이 검증된 합성항원 플랫폼으로 개발됐다”며 “유통 및 보관이 쉽고, 부스터샷으로 접종할 때는 오미크론 변이에도 효과가 있다는 점을 활용할 계획”이라고 했다. SK바이오사이언스는 청소년과소아를 대상으로 임상 시험을 진행해 스카이코비원의 접종 대상을 확대할 예정이다. 변이주를 포함하는 다가 백신, 독감도 함께 예방할 수 있는 콤보 백신, 여러 바이러스를 한 번에 예방하는 범용 백신도 개발 중이다. 비강에 항바이러스 단백질을 분사하면 바이러스 감염을 예방할 수 있는 ‘비강 스프레이’ 등 새로운 형태의 의약품도 연구하고 있다. 코로나19 백신을 공급하기위해 생산을 중단했던 독감 백신 ‘스카이셀플루’는 내년부터 공급한다. 스카이셀플루는 세포 배양 기반의 4가 독감 백신으로, 세포 배양 독감 백신 중에서는 처음으로 세계보건기구(WHO)의 사전적격성평가(PQ) 인증을 얻었다. 생산을 중단하기 전까지 국내 독감 백신 시장에서 점유율 1위를 기록했던 만큼 시장에 다시 공급되기 시작하면 점유율을 빠르게 확대할 것으로 기대된다. SK바이오사이언스는 수두 백신인 ‘스카이바리셀라’와 대상포진백신 ‘스카이조스터’를 국가필수예방접종(NIP) 시장에 진입시키기 위한 경쟁력도 확보할 계획이다. 국제백신연구소(IVI)와 함께 개발한 장티푸스 백신 ‘스카이타이포이드’는 WHO PQ 인증을 얻은 후 글로벌 판매를 시작할 예정이다. SK바이오사이언스 관계자는 “노바백스와코로나19 백신 위탁개발생산(CDMO) 계약도 연장한다”며 “사노피 파스퇴르와 함께 개발 중인 폐렴구균 백신도 서둘러 개발해, 기존 백신 대비 효과가 좋은 블록버스터 백신으로 출시할 것”이라고 했다.안 사장은 차세대 의약품 개발 플랫폼을 확보해 사업 영역을 확장하겠다는 의지도 나타냈다. 눈여겨 보고 있는 플랫폼은 세포∙유전자 치료제(CGT)다. SK바이오사이언스는 바이오의약품 개발에 도전하기 위해 CGT 사업을 추진하기 위한 기술력을 확보할 계획이다. CGT 플랫폼을 보유한 글로벌 기업의 CDMO 사업을 인수하거나, 조인트벤처(JV)를 설립하는 방안을 검토 중이다. 안 사장은 “글로벌 협력 기관과 새로운 감염병에맞설 백신을 100일 만에 개발하고, 6개월 내 공급하는 시스템을 구축할 것”이라며 “빌앤멜린다게이츠재단과 감염병혁신연합(CEPI), 힐레만연구소 등 여러 기관과 맺은 협력을 강화해나갈 것”이라고 했다. SK바이오사이언스는 백신 개발과 제조, 생산 역량을 여러 국가, 조직에 이전하고, 적절한 생산 체계를 구축하는 ‘글로컬라이제이션’ 사업도 추진하고 있다. 현재 중동, 동남아 국가와 해당 사업을 추진하기 위한 논의를 진행중이다. SK바이오사이언스는 이후 대상 국가를 확대할 예정이다. SK바이오사이언스는 R&D 역량을 강화하고 생산 체계를 구축하는 데도 힘을 쏟을 계획이다. 우선 인천 송도에 글로벌 네트워크의 거점 역할을 할 ‘글로벌 R&D 센터’를 설립한다. 경북 안동에 있는 백신 생산시설 ‘안동 L-House’는 현재 규모의 5배 수준으로 생산역량을 확장한다. SK바이오사이언스는 이 공장에 대해 유럽의 의약품 제조·관리기준인 EU-GMP 인증을 얻었다. 미국의 cGMP 인증도 획득한다는 계획이다. 안 사장은 “글로벌 백신∙바이오 산업의 일류 기업으로 도약하기 위해 공중보건을 확보할 수 있는 생태계를 조성하고, 넥스트 팬데믹에 대응할 때 주역이 될 수 있도록 투자를 아끼지 않겠다”고 했다. 한편, SK바이오사이언스의 올해 3분기 별도 기준 매출은 911억원, 영업이익은 232억원으로 잠정 집계됐다. 전년 동기대비 각각 58.8%, 78.7% 줄어든 수치다. 코로나19가 풍토병화(엔데믹)되며 백신 수요가 감소한 영향을 받았다.	부정	SK바이오사이언스, CGT사업 진출…글로벌 기업 인수 추진	SK바이오사이언스가 바이오 영역으로 사업을 확대한다. 코로나 펜데믹 이후 지속가능한 성장과 글로벌 기업으로 도약하기 위한 전략이다. 백신 분야에서도 기술력을 바탕으로 시장입지를 강화할 계획이다. SK바이오사이언스는 1일 서울 여의도 파크원 NH금융타워에서 국내외 애널리스트 및 기관 투자자를 대상으로 간담회를 개최하고 이 같은 내용을 골자로 하는 성장전략을 공유했다. 신규 사업으로 세포유전자 치료제 분야를 꼽았다. 관련기술을 보유한 글로벌 기업을 인수하거나 조인트벤처 설립을 추진 중이다. 세포·유전자 치료제(CGT) 전 영역에서 기술력을 확보하는 것이 목표다. 현재 주력인 백신 분야에서도 차세대 기술력 확보에 힘을 쏟는다. 글로벌 파트너들과 새로운 감염병에 맞설 백신을 100일 안에 개발해 6개월 내에 공급하는 시스템을 구축할 예정이다. 이를 위해 빌앤멜린다게이츠재단, CEPI, 국제백신연구소, 웰컴트러스트, 힐레만연구소 등 그동안구축해온 글로벌 기구 및 기관들과의 파트너십을 더욱 확대한다. 국산 1호 코로나 백신 스카이코비원은 해외 시장 진출을 준비하고 있다. 추가로 청소년 및 소아 임상을 통해 접종 대상을 확대할 예정이며 변이주를 포함하는 다가(多價) 백신, 독감 등과의 콤보(Combo) 백신도 개발하고 있다. 비강 스프레이 형태의 의약품 개발도 진행 중이다. 시장 점유율이 높은 다른 제품군의영업도 강화한다. 팬데믹 극복을 위해 일시적으로 생산을 중단했던 독감백신 ‘스카이셀플루’는 내년부터 공급이 정상화된다. 이 백신은 국내 시장점유율 1위이다. 또 수두백신인 ‘스카이바리셀라’과 대상포진백신 ‘스카이조스터’도 국가예방접종(NIP) 시장을 고려해 영업 경쟁력을 확보해가고 있다. 글로벌 파트너들과의 연계 사업도 지속 확장한다. 2020년 8월부터 이어온 노바백스와의 코로나19 백신 위탁개발생산(CDMO) 계약을 연장하고 글로벌 CMO·CDMO 파트너사도 추가 확보할계획이다. 사노피 파스퇴르와 공동개발중인 폐렴구균백신 개발에도 속도를 블록버스터 제품으로 키울 계획이다. R&D와 생산 인프라의 질적·양적 확충도 진행중이다. 인천 송도에는 ‘글로벌 R&PD 센터’를 설립, 글로벌 네트워크의 거점 역할을 수행하고 바이오의약품 전 영역의 인프라를 순차적으로 확보할 예정이다. 경북 안동에 위치한 백신 생산시설인 ‘안동 L-House’ 또한 대규모 확장을 통해 현재 대비 최대 5배까지생산역량을 확장하고 기존 EU-GMP 등에 더해 미국 cGMP와 같은 세계 최고 수준의 생산시설 인증을 확보해 선도적 역량을 입증할 계획이다. 안재용 SK바이오사이언스 사장은 “모두가 어렵다고 할 때 인류에 공헌하겠다는 사명감을 갖고 묵묵히 매진한 결과 지금의 SK바이오사이언스가 만들어질 수 있었다”며 “이젠 글로벌 백신·바이오 산업의 일류 기업으로 도약할 준비를 하는 만큼 공중보건 수호를위한 생태계 조성에 앞장서고, 넥스트 팬데믹 대응의 주역이 될 수 있도록 전략적 투자를 아끼지 않겠다”고 말했다.	긍정
0	테스	095610	80	159	73	207	76	544	16,350	코스닥	3,232억원	코스닥 194위	반도체	6.21배	0.99배	17.47%	19.76배	3.43%	SK에코플랜트 테스, 日 배터리 기업 쓰리돔과 '폐배터리 재활용' 맞손	"'완결적 순환체계 시스템' 구축  SK에코플랜트 글로벌 시장 선점 탄력       [더구루=홍성환 기자] SK에코플랜트가 인수한 글로벌 전기·전자 폐기물(E-waste) 기업 테스(TES)가 일본 배터리 제조업체 쓰리돔얼라이언스(3DOM Alliance)와 폐배터리 재활용 사업에 협력한다. SK에코플랜트의 글로벌 폐배터리 재활용 시장 선점이 탄력을 받을 것으로 기대된다.      테스는 1일 쓰리돔과 폐배터리 재활용 및 제조 생태계 확장을 위한 업무협약(MOU)을 맺었다고 밝혔다. 쓰리돔은 리튬이온 배터리를 생산·공급하는 기업이다.        이번 계약은 싱가포로 배터리 컨소시엄(SBC)에 의해 추진됐다. 향후 싱가포르 에너지저장시스템(ESS) 기업 젠플러스가 제공하는 배터리 솔루션도 이번 동맹에 참여하는 것을 검토하고 있다.      양사는 이번 파트너십에 따라 싱가포르 리튬이온 배터리 재활용 시장에서 협력 기회를 모색하고 시너지를 확대할 방침이다. 이와 함께 ESS 분야 진출에도 협력할 계획이다.       데이비드 리 테스 최고전략책임자(CSO)는 ""이번 MOU는 싱가포르를 비롯해 해외 시장에서 배터리 소재를 확보하기 위한 완결적 순환체계 시스템(closed-loop system)을 구축하는 첫단계가 될 것""이라고 했다.       테스는 전기·전자 폐기물 분야에서 세계적으로 가장 많은 국가에 거점을 보유하고 있고, 최고 수준의 경쟁력을 갖춘 회사다. 21개국에서 42여개의 처리시설을 운영하고 있으며 이 가운데 미국·영국·독일·중국·싱가포르 등 5개국이 주요 핵심 시장이다. SK에코플랜트는 올해 2월 테스 지분 100%를 10억 달러(약 1조4200억원)에 인수했다.       SK에코플랜트는 친환경 사업 가운데 하나로 폐배터리 재활용 부문에 대한 투자를 확대하고 있다. 최근 미국 폐배터리 리사이클링 혁신기업 어센드 엘리먼츠(Ascend Elements)에 5000만 달러(약 710억원)를 투자하며 최대주주 지위를 확보했다.  <본보 2022년 10월 27일자 참고 : [단독] SK 이어 미래에셋·신한금융, 美 폐배터리 재활용 기업 '어센드 엘리먼츠'투자>       또 지난 9월에는 세계 최대 원소재 업체 가운데 하나인 중국 CNGR와 유럽 폐배터리 재활용 시장 진출을 추진하기 위한 협약을 체결했다. SK에코플랜트와 CNGR은 배터리 순환 경제 실현에 필수적인 폐배터리 재활용과 니켈, 코발트 등 배터리 원소재 공급 활성화에 협력할 방침이다.  <본보 2022년 9월 28일자참고 : [단독] SK에코플랜트·中 CNGR, 폐배터리 재활용 합작사 설립>"	긍정	"미래에셋증권, SK에코플랜트 테스 인수 조력자로 등판 '유력'
PE 참여 난색 속 4000억 책임질 듯, 대출·우선주 투자 등 거론"	미래에셋증권이 SK에코플랜트의 싱가포르 전자·전기 폐기물업체 테스 인수에 새 조력자로 합류하는 방안이 유력하다. 기존 재무적투자자(FI)였던 사모투자펀드(PEF) 운용사의 공백을 메우는 역할을 맡게 될 전망이다.  5일 투자업계에 따르면 SK에코플랜트는 테스 인수대금 약 1조2000억원 가운데 약 4000억원을 미래에셋증권으로부터 조달하는 방안을 유력하게 검토하고 있다.  SK에코플랜트는 테스 인수를 위해 하나은행으로부터 빌린 약 8000억원 규모의브릿지론을 이달 말까지 상환해야 하는 상황이다. 이 브릿지론 가운데 4000억원 가량의 상환재원은 산업은행 등이 제공한 선순위 인수금융으로 마련됐다.  나머지 약 4000억원은 SK에코플랜트와 미래에셋증권이 최종 합의에 이를 경우 미래에셋증권이 조달하는 자금을 통해 상환될 것으로 전해졌다.  SK에코플랜트는 당초 이 4000억원 가량을 PEF 운용사의 메자닌 투자금을 활용해 상환할 계획이었다. 하지만 8월메자닌 투자를 주도하던 IMM인베스트먼트가 펀딩 환경 악화 등을 이유로 이탈하면서 계획에 차질이 빚어졌다.  SK에코플랜트는 최근까지 IMM인베스트먼트를 대신할 PEF 운용사들을 찾았다. 하지만 촉박한 대출 만기와 금리 인상에 따른 PEF 투심 악화 등으로 인해 적임자를 찾기가 쉽지 않았던 것으로 알려졌다.  이에 SK에코플랜트는 금융기관까지 범위를 넓혀 투자자를 물색해왔다. 하나은행과는 기존 브릿지론을텀론(Term-Loan)으로 전환하는 논의도 진행됐지만 양측의 내부 사정 등으로 최종 실행되지는 못한 것으로 전해진다.  미래에셋증권은 중순위 인수금융 형태로 자금을 제공하거나 수익률이 확정된 우선주에 투자할 가능성 등이 거론되고 있다. 업계에서는 미래에셋증권이 충분한 자본여력을 지닌 점을 고려하면 두 방법 모두 SK에코플랜트의 브릿지론 만기일 전에 납입이 가능하다는 평가다.  SK에코플랜트가 미래에셋증권과 협상을 이어가면서기존 메자닌 투자에 참여하기로 했던 PEF 운용사들에게는 투자 기회가 주어지지 않을 가능성이 커졌다. IMM인베스트먼트의 이탈에도 당초 메자닌 투자를 함께 진행하기로 했던 한국투자프라이빗에쿼티(한투PE), 하나대체자산운용 등은 여전히 투자 의지가 있는 것으로 알려졌다.  SK에코플랜트는 1조2000억원 규모의 테스 인수대금을 선순위 인수금융(4000억원), PEF 메자닌 투자(4000억원), 유상증자(4000억원)를 통해 조달할 예정이었다. 선순위 인수금융과 유상증자는 현재 관련절차가 마무리된 상황으로 알려져 있다.	중립	SK에코플랜트 테스, 싱가포르 운송회사와 폐배터리 재활용 맞손	"싱가포르 운송기업 '스트라이드'와 업무협약  배터리 재활용·전기차 충전 인프라·ESS 등 협력       [더구루=홍성환 기자] SK에코플랜트가 인수한 글로벌 전기·전자 폐기물(E-waste)기업 테스(TES)가 싱가포르 운송회사 스트라이드 모빌리티(Strides Mobility)와 손잡고 전기차 배터리 재활용 사업을 강화한다.       테스는 스트라이드 모빌리티와 싱가포르 시장에서 리튬이온 배터리 재활용과전기차 충전 인프라 확장을 위해 협력하는 내용의 업무협약을 맺었다고 19일 밝혔다.       협약에 따라 양사는 전기차 배터리 재활용과 충전 인프라를 비롯해 에너지 저장 시스템(ESS) 이니셔티브 등에 협력할 방침이다. 이에 테스는 배터리 재활용 뿐만 아니라 ESS 사업도 확대할 수 있을 것으로 기대된다.      테렌스 응 테스 회장은 ""싱가포르 시민에 친환경적인 전기차를 제공하기 위한 여정의 중요한 단계로 이번 파트너십을 추진했다""며 ""이러한 파트너십이 우리가 배터리 재활용에 막대한 투자를 하는 이유""라고 강조했다. 그러면서 ""ESS 기술을 구축하고 전기차 충전 인프라 확장·개선 사업에 동참하게 돼 기쁘게 생각한다""고 덧붙였다.       싱가포르에 본사를둔 테스는 전기·전자 폐기물 분야에서 세계적으로 가장 많은 국가에 거점을 보유하고 있고, 최고 수준의 경쟁력을 갖춘 회사다. 21개국에서 42여개의 처리시설을 운영하고 있으며 이 가운데 미국·영국·독일·중국·싱가포르 등 5개국이 주요 핵심 시장이다       SK에코플랜트는 올해 2월 테스 지분 100%를 10억 달러(약 1조3900억원)에 인수했다. SK에코플랜트는 테스를 통해 빠르게성장하는 글로벌 전기·전자 폐기물 재활용 시장을 선도할 방침이다. 아울러 IT자산처분서비스(ITAD) 사업을 확대하고, 폐배터리에서 원재료를 추출해 판매하거나 별도 공정을 거쳐 새 배터리나 ESS 등으로 재사용하는 신사업 기회도 발굴할 계획이다."	긍정
0	솔루엠	248070	86	89	69	1455	78	401	18,050	코스피	9,026억원	코스피 191위	전자장비,사무용전자제품	42.17배	3.10배	7.54%	42.81배	0.00%	[특징주] 솔루엠, 100억 원 규모 자사주 취득 결정에 상승세	전날보다 2.61%↑ [서울경제] 솔루엠(248070) 이 100억 원 규모의 자기주식을 취득하기로 결정했다는 소식에 상승세다. 1일 오전 10시 48분 기준 솔루엠은 전날보다 2.61% 오른 1만 7700원에 거래 중이다. 솔루엠이 100억 원 규모의 자기주식을 취득하기로 결정했다는 소식이 주가를 끌어올리는 것으로 분석된다. 솔루엠은 주식 가격 안정을 통한 주주가치 제고를 목적으로 100억 원 규모의 자기주식취득을 결정했다고 이날 공시했다. 취득예정주식수는 보통주 63만 주다. 취득예상기간은 이날부터 2023년 11월1일까지다. 자사주 매입은 투자자들에게는 통상 주가 상승의 신호로 해석된다. 기업이 직접 주식을 사들일 만큼 주가가 저평가돼 있다는 뜻이기 때문이다. 또 시중에 유통되는 주식 수가 줄어들기 때문에 주가를 부양하는 효과도 있다고 여겨진다.	긍정	[IPO 그 후] 솔루엠, 신규사업 거점 멕시코로 점찍었다 티후아나에 2만9000평 부지 매입…전기차 충전기·조명 생산라인 도입	솔루엠이 신규 사업의 거점지를 해외로 점찍었다. 북미 수출의 중심지인 멕시코에 신규 공장을 설립해 전기차 충전기, 조명 등의 신규 사업을 시작할 계획이다. 부지 규모만 임대 형식으로 돌아가던 기존 멕시코 공장의 무려 네 배에 달한다.  17일 금융당국전자공시시스템에 따르면 솔루엠의 멕시코 법인인 SoluM USA Inc.는 약 1000만 달러(한화 약 143억6000만원)의 유상증자를 결정했다.대상은 손자회사인 KPM SERVICIOS INTEGRALES S DE RL DE CV.다.  멕시코 현지에 자체 공장을 설립하기 위함이다. 이번 유상증자로 조달한 자금은 부지 매입 등에 사용한다. 멕시코 티후아나 지역 내 9.57ha(약 2만9000평) 규모의 공장 부지를 취득한다.  이전까지는 인근 지역 공장을 임대해 생산라인을 갖췄었다. 해외 진출 과정에서 초기 투자비용과 리스크 최소화를위함이었다. 신사업 확대 목적의 시설 추가를 위한 여유 공간 부족으로 인해 신축 공장 부지 매입을 결정했다.  내년 하반기까지 공장 건설을 완료하고 오는 2024년부터 본격적인 공장 가동에 돌입할 계획이다. 신축 공장 부지 규모는 회사 내 최대 생산 규모를 보유한 베트남 공장 부지(약 1만2000평)의 약 2.4배, 기존 멕시코 공장 부지 규모(약7400평)의 무려 네 배에 달한다.  새로 설립한 공장에서 전기차 충전기, 조명 등 신규 사업을 시작한다. 원익피앤이와 MOU를 통해 제품을 개발 중인 전기차 충전기 사업은 북미 지역의 충전기 수요 증가에 따라 멕시코 공장을 활용한 사업 확대가 예상되고 있다.  삼성LED와 협업 중인 조명 사업 분야에서는 북미 대형 조명 업체들이 가까운거리에서 직접 공급 가능한 사업 파트너를 원하고 있다. 멕시코 신축 공장에서의 제품 생산을 통한 사업 확대가 가능할 것으로 보고 있다.  솔루엠 관계자는 “계속 증가하는 고객사 수주 물량과 신규 사업의 빠른 성장을 위해 선제적인 투자를 단행했다”며, “공장을 100% 가동할 수 있도록 고부가가치 사업과 제품군을 계속 발굴해 생산시설을 채워 나갈 것”이라고말했다.  사진 출처 : 솔루엠	긍정	[공시]솔루엠 美법인, 멕시코 손자회사 144억 출자 결정	"솔루엠은 미국 종속법인 솔루엠USA가 자회사(솔루엠 손자회사)이자 멕시코 부동산 개발사인 KPM에 144억1270만원을 출자하기로 했다고 17일 공시했다.   이는 지난해 자산총액의 2.03%에 해당하는 규모이다. 취득 후 지분비율은 99.99%이다.   회사 측은 취득 목적에 ""공장 설비 투자 지원""이라고 설명했다.   신지훈 기자 gamja@"	긍정
0	현대위아	011210	55	1840	66	2064	72	1059	60,400	코스피	1조 6,426억원	코스피 145위	자동차부품	8.02배	0.45배	6.59%	17.10배	1.16%	러시아 법원, 현대엔지니어링에 현대위아 엔진공장 건설비용 지불 명령…현대차 러시아 철수 대비	러시아 법원, 현대엔지니어링에 현대위아 엔진공장 건설비용 지불 명령…현대차 러시아 철수 대비 이미지 확대보기 현대위아의 러시아 엔진생산 공장. 사진=현대위아 우크라이나 전쟁으로 러시아에 대한 세계 각국의 제재조치로 세계유수의 기업들이 러시아시장에서 철수하고 있다. 이에 러시아에서 사업을 벌이고 있는 현대자동차의 철수를 우려하고 있는 러시아 업체가 현대자동차 러시아시장 철수를 대비해 러시아 법원에 현대위아엔진공장 건설비용 회수를위한 조치를 요청했다.  31일(현지시간) 러시아 매체의 보도에 따르면, 상트페테르부르크와 레닌그라드스카야 중재재판소는 건설 회사 스트로이테크임포트(StroyTechImport, STI)의 요청에 따라 현대LLC의 자회사 현대엔지니어링러스의 자금에 대한 임시조치를 시행한 것으로 알려졌다.   법원은 현대자동차가 러시아를 떠날 수 있다는 원고측의 우려를 공감한 것으로 전해졌으며 이에 따라 현대자동차가 러시아시장에서 철수할 경우 원고가 현대자동차로부터 부채를 받지못할수도 있다고 판단한 것으로 보인다. 청구금액은 1600만루블(약 3억7100만원)이며 이 금액은 이자가 포함된 금액이다.  STI는 현대자동차의 철수를 우려하여 2021년말 완공된 상트페테르부르크에 건설된 현대위아엔진공장 부채를 회수하기로 결정했으며, 현대차의 러시아 시장 이탈 가능성에 대한 러시아와 한국 언론의 수많은 보도를 인용해 현대자동차 공장의 인력 해고와 러시아 시장 철수 가능성에 대해서도 알고 있다고 보도했다.  법원은 우크라이나 군사작전 개시 이후 다수의 외국 기업이 러시아를 떠나 현지 대표사무소를 폐쇄하고, 한국이 러시아 은행 제재에 동참한 점도 고려한 것으로 전해졌다.   현재 법원은 원고가 제출한 보도를 기반으로 현대자동차가 러시아 시장을 떠나며 기존 공장을 폐쇄하고 매각하는 방안도 검토 중일 것으로 판단하고 있다.  한편, 현대자동차는 러시아시장을 두고 철수를 고심하고 있는 것으로 알려졌다. 1~2월에만 해도 한달에 1만7000여대가량을 판매했는데 7월 14대를 끝으로 판매도 끊겼다.  장용석 글로벌이코노믹 기자 jangys@g-enews.com	부정	[클릭 e종목]현대위아, 해외 출하량 증가 `무난한 실적`	"신한투자증권은 31일 현대위아에 대해 투자의견 매수와 목표주가 8만원을 유지한다고 밝혔다. 28일 기준 주가는 6만4000원으로 상승 여력은 25%다. 예상보다 빠르게 해외 시장 출하량의 개선이 이뤄지고 있어 무난한 실적이 전망돼서다. 정용진 신한투자증권 연구위원은 ""연말에 기계 사업부에 대한 모멘텀이 될 이벤트들이 많은데, 그룹사의 북미 전동화 신규공장에 대한 투자가 시작돼 연내 장비 입찰이 예상된다""면서""방산은 K2/K9 수출이 늘어나면서 관련된 계약이 확정될 수 있다""고 짚었다. 현대위아는 자동차 부품사 중 신흥국에 대한 노출도가 높다. 신규 사업 진출(전기차/공조/로봇)이 주가의 모멘텀이라면 실적의 모멘텀은 신흥국 판매 성과다. 과거에는 분기 평균 3000억원 이상의 매출이 가능했던 중국 산동법인은 상반기 중 매출 1677억원에 그쳐 전체 손익을 갉아먹었다. 3분기부터는 그룹사의 중국 판매가 개선되고있다. 2분기 출하량 6만2000대를 저점으로 3분기에는 11만9000대까지 회복했다. 4분기에도 출하량 상승이 예상돼 산동법인은 전 분기 대비 회복이 가능할 전망이다. 멕시코 호조도 기대된다. 2021년 매출 6523억원에서 올해는 상반기에만 4495억원을 기록했다. 글로벌 자동차 시장 중 가장 견조한 미국 시장에 대응하고 있어 출하량 상승세가 지속될 수 있다. 한편 3분기 실적은 매출 2조1000억원으로 17%,영업이익은 557억원으로 79% 증가한 것으로 집계됐다. 자동차 부문은 완성차의 판매 회복과 SUV/제네시스 중심의 믹스 개선으로 연초부터 안정적인 실적 흐름을 지속하고 있다. 다만 기계 사업은 일부 제품에 대한 매출 인식이 지연되면서 외형이 감소했다."	긍정	“반도체난 풀린다”…현대모비스·현대글로비스·현대위아 `호실적`에 주가도 급등	차량용 반도체 수급난 해소로 현대모비스, 현대위아, 현대글로비스 등 자동차 업체가 3분기 ‘호실적’을 28일 기록했다. 부품 공급 및 운송 실적 개선에 따라 현대모비스(7.35%), 현대위아(2.07%), 현대글로비스(5.17%) 등의 주가도 이날 상승곡선을 그렸다. 현대모비스는 3분기 매출 13조1804억원, 영업이익 5760억원을 기록했다고 발표했다. 작년 동기보다 각각 31.9%, 25.9% 늘었다. 매출은 3분기 기준으로 역대 최대다. 글로벌 완성차업체의 생산 차질이 서서히 회복되며 모듈, 핵심부품 공급 확대가 매출 증가를 이끌었다는 게 회사 측 설명이다. 현대자동차·기아의 전기차 판매 확대로 전동화 부품 매출은 2조4919억원으로 역대 최대를 기록했다. 현대모비스는 이날 콘퍼런스콜을 통해 “현대차·기아를 제외한 글로벌 완성차 업체로부터 핵심 부품 수주를 늘리며 매출 비중을 다변화하고 있다”며 “메르세데스벤츠와 계약한 핵심모듈 공급 총액은 18억달러(약2조5000억원) 수준”이라고 밝혔다. 다만 전동화 부문의 손익은 아직까진 의미있는 수준은 아니며 향후 향상될 것으로 내다봤다. 현대위아는 3분기 매출 2조803억원, 영업이익 557억원을 냈다고 이날 공시했다. 전년 동기보다 각각 17.5%, 78.5% 증가했다. 주 매출원인 차량부품 매출이 1조8952억원으로 전년보다 20.2% 늘었다. 현대위아도 마찬가지로 반도체 수급난 개선으로 글로벌 차량 판매가 확대되며 부품 공급이 늘었다고설명했다. 수익성이 좋은 4륜구동 시스템 판매량이 증가한 데다 환율 효과도 호실적의 배경으로 작용했다. 다만 러시아 공장 가동중단에 따른 환산손익이 반영돼 당기순이익은 106억원 적자를 냈다. 현대위아 관계자는 “4분기 실적 전망도 긍정적일 것”이라고 전망했다. 현대글로비스는 3분기 매출 7조141억원, 영업이익 4781억원으로 지난해 같은 기간보다 각각 29.8%, 51.8% 증가했다고 이날 공시했다. 글로벌 완성차 업체생산량 증가로 선적 물량이 회복된 데 따른 것이다.	긍정
0	효성중공업	298040	68	1321	68	1796	71	1229	59,600	코스피	5,557억원	코스피 264위	전기장비	16.75배	0.61배	1.69%	31.34배	-%	효성중공업, 유럽에 R&D센터 건립…유럽 사업 강화한다	"효성중공업, 유럽에 R&D센터 건립…유럽 사업 강화한다 이미지 확대보기 효성그룹 사옥 현판. 사진=뉴시스  효성중공업이 유럽에 대규모 R&D센터 건립을 추진한다. 신재생에너지로의 전환을 이뤄지고 있는 유럽시장에서 전력사업을 강화하려는 본격적으로 의도로 해석된다.   1일 효성그룹에 따르면 효성중공업은 전력PU 산하에 유럽R&D센터 추진 테스크포스팀(TFT) 조직을 신설했다. TFT는 내년 6월말까지 8개월에 걸쳐 유럽 R&D센터 건립계획을추진할 것으로 알려졌다. TFT 팀장으로는 전력PU 창원공장장을 맡고 있는 김진호 상무가 내정됐다.   효성중공업의 유럽 R&D센터 건립 계획은 그룹 차원에서 추진 중인 전략으로 알려졌다. 조현준 회장이 직접 관심을 보였다는 후문이다.   국내 전력설비 1위 업체인 효성중공업은 전력산업의 핵심 설비인 변압기와 차단기를 생산하고 있다. 올 상반기에는 전력설비 제조를 담당하고있는 중공업 부문에서만 7994억원의 매출액을 달성하며 효성중공업의 주력사업부문 임을 증명했다.   그러나 효성중공업은 아직 글로벌 전력시장에서 도전자에 불과하다. 특히 전력산업의 본향이란 평가를 받고 있는 유럽에서는 존재감이 미약한 상황이다. 오랜 역사와 기술력을 보유한 현지업체들이 시장을 선점하고 있어서다.   이에 효성중공업 역시 꾸준하게 유럽 진출을 위해 노력해왔다. 지난 2010년에는 국내기업 최초로 영국 전력청 초고압 변압기 주 공급자로 선정됐으며, 2020년에는 스웨덴 국영 전력청과 초고압차단기 수주계약을 체결한 바 있다. 지난해에는 영국 다우닝과 사우샘프턴 지역에 대규모 ESS(에너지저장장치) 공급계약도 체결하며 유럽 시장 공략에 속도를 내고 있다.   효성중공업, 유럽에 R&D센터 건립…유럽 사업 강화한다 이미지 확대보기 효성중공업이 만든 초고압변압기. 사진=뉴시스   이런상황에서 효성중공업은 유럽에 R&D센터 건립을 추진하겠다고 밝혔다. 유럽 전력시장 공략에 본격적인 속도를 내겠다는 의도로 해석된다.   특히 효성중공업의 유럽R&D센터 건립 계획은 조 회장의 의중이 상당부분 반영된 것으로 알려졌다. 조 회장은 과거 ""신재생에너지를 중심으로 글로벌 전력시장이 재편되고 있다""면서 ""친환경 에너지 기반의 전력사업을 통해 고객 가치를 높여가야 할 것""이라고 강조한 바있다.   효성중공업 측은 ""유럽에서 친환경 전력기기 등에 대한 수요가 늘어나고 있는 만큼 현지 니즈에 맞춰 R&D센터 추진을 검토 중이다""고 밝혔다.   서종열 글로벌이코노믹 기자 seojy78@g-enews.com"	긍정	다올투자증권, 효성중공업에 손해배상 피소	다올투자증권은 효성중공업이 자사와 NH투자증권, 교보증권에 손해금액 배상금 지급 소송을 제기했다고 31일 공시했다. 피고들이 효성중공업에 1400억원과 그 이자를 지급하라는 소송이다. 회사 측은 “본 건은 당사가 2심 승소한 기존 소송 건의 당사자 및 사실 관계가 실질적으로 동일한 건”이라며 “본 소송의 결론은 기존 소송의 판결을 따를 가능성이 높으며, 당사는 이에 적극적으로 대응할 예정”이라고밝혔다.	부정	"""영업이익 138% 증가""…주가도 15% 넘게 뛰는 효성중공업"	"[특징주] 올 3분기 `어닝 서프라이즈`를 발표한 효성중공업의 주가가 15% 넘게 급등하고 있다. 31일 오후 2시45분 효성중공업은 전 거래일 보다 7450원(15.19%) 오른 5만6500원에 거래되고 있다. 효성중공업은 지난 28일 장 마감 이후 올 3분기 잠정실적을 공시했다. 효성중공업의 3분기 매출액은 전년 동기 보다 7.4% 오른 7863억원, 영업이익은 같은 기간 동안 138.8% 오른 561억원으로집계됐다. 유재선 하나증권 연구원은 ""매출 인식 지연 등 일부 외형 감소 요인이 있었지만 고마진 수주가 영업이익 개선을 가져왔다""며 ""중공업 부문의 수익성이 증명되면서 수주 실적도 개선되고 있는 게 긍정적으로 작용했다""고 분석했다. 유 연구원은 ""국내 건설 경기 위축과 자금 조달 이슈가 부각되며 건설 부문에 대한 우려가 제기되고 있지만 효성중공업은 자체 사업이 없고도급 위주이며 대부분이 기성불 조건으로 진행되기에 위험요소는 제한적""이라며 ""현재는 중공업 실적 개선에 집중할 시점""이라고 말했다."	긍정
